The debate around the efficacy of r‚Ä¶,negative
"California will add the Covid-19 vaccination to immunizations required for in-person school attendance, Gov. Gavin Newsom announce‚Ä¶",negative
BREAKING California will require students to be vaccinated against Covid-19 to attend school in person. üíâ,negative
Georgia cop who pushed people to take horse dewormer instead of vaccine dies from COVID-19,negative
The actual red pill is the realization that this is more than likely poison.,negative
BREAKING CA will require our kids to get the COVID-19 vaccine to come to school.,negative
üëàüèºüí¶,neutral
Pfizer says it has submitted initial COVID-19 vaccine trial data for kids to Health Canada,negative
Navajo &amp; Hopi Families COVID-19 Relief Fund,positive
Vaccine Covid-19,negative
Holy Shite,negative
"‚ÄúThey say we live in the land of the free. Well, you‚Äô‚Ä¶",positive
"1. CITF-A has admitted to a human error, after a video of a 12-year-old boy receiving an apparently empty Covid-19 shot went v‚Ä¶",negative
California will mandate COVID-19 vaccines for children attending school once the shots are federally approved for their age groups‚Ä¶,negative
FYI - this means personal belief exemptions apply per section 120338.,positive
"Fact Check-Pre-print study that claimed 1 in 1,000 risk of myocarditis following COVID-19 vaccine was withdrawn due to miscalculation | Article [AMP] | Reuters",negative
"Premier Daniel Andrews announced that workers will have until October 15 to receive their first Covid-19 vaccine dose,and a second dose by November 26. Those who go against the mandate will be barred from working by their employers, with fines warned for businesses IS THIS CHINA",negative
Fake Fauci flops again. When is this over paid Doc going to get fired.,negative
"We set up 25 monoclonal antibody sites across Florida, and we‚Äôve seen about a 70% reduction in COVID-19 hospitalization‚Ä¶",negative
NSTnation The Covid-19 Immunisation Task Force-Adolescent (CITF-A) today confirmed a case of a teenager being inoculated with an empty syringe.,negative
‚ÄºÔ∏èPLEASE SHARE FAR &amp; WIDE ‚ÄºÔ∏è,positive
üëàüèºüí¶,neutral
"Heading into the weekend, it‚Äôs important to remember to follow all public health measures for indoor &amp; outdoor gatherings‚Ä¶",positive
"To my anti vaxx people, this isn‚Äôt new schools always required vaccines FYI",negative
"Nature Medicine accepts our paper, \"No causal effect of school closures in Japan on the spread of COVID-19 in spring 2020\"‚Ä¶",negative
"Covid-19 Deaths before and after mass vaccination programs! All for a ‚ÄúVirus‚Äù with a 99,7% survival rate.   Just Say No  o‚Ä¶",positive
This nurse got fired after hooking up with a COVID-19 patient‚Ä¶ üëÄ,negative
‚Üì,neutral
2 Octobre 2021,positive
"Actually, that's not true. You can have the daily t‚Ä¶",positive
"New COVID-19 pills may keep recently diagnosed patients out of hospital, company says.",negative
"Across the world's workforce, COVID-19 has caused many to re-think their careers and jobs, and that includ‚Ä¶",negative
"There's two statistics you need to remember, but the government wants you to forget",positive
1. The COVID-19 survival rate for t‚Ä¶,negative
"New COVID-19 pills may keep recently diagnosed patients out of hospital, company says.",negative
There‚Äôs at least one beneficial aspect to the Big 12‚Äôs COVID-19 constructed volleyball schedule that features teams playing on back-to-back nights.,positive
Coronavirus California will become 1st state to mandate COVID-19 vaccine for schoolchildren,negative
"The thing I want to know regarding Brett Kavanaugh‚Äôs COVID-19 diagnosis is Who paid off his $92,000 country club fees pl‚Ä¶",negative
Correct.  But nothing will stop it.  Republicans are unprepared to confront Democrats.,negative
Coronavirus California will become 1st state to mandate COVID-19 vaccine for schoolchildren,negative
A whistleblower has provided government data,negative
"If everyone gets a vaccine, very few would need this super expensive treatment!",negative
"",""
"New COVID-19 pills may keep recently diagnosed patients out of hospital, company says.",negative
"You want government to split hairs. Influenza does cause pneumonia too. Worse if we follow your logic, Covid-19 also does cause pneumonia. So are you gonna argue deaths caused by Covid-induced pneumonia shouldn't be classified as Covid deaths?",negative
"We set up 25 monoclonal antibody sites across Florida, and we‚Äôve seen about a 70% reduction in COVID-19 hospitalization‚Ä¶",negative
"16,220 Floridians reportedly died from COVID-19 since end of July which is 250 deaths a day.",negative
This nurse got fired after hooking up with a COVID-19 patient‚Ä¶ üëÄ,negative
"",""
BREAKING CA will require our kids to get the COVID-19 vaccine to come to school.,negative
"- The virus can mutate when enough unvaxed people get infected, requiring updates to the existing vaccinations.",negative
üëàüèºüí¶,neutral
More help is coming,positive
"This is all such a scam. We could repurpose ivermectin for so cheap. None of this is about public health, it‚Äôs about c‚Ä¶",negative
Covid-19 has just revealed it's calendar to prove it has been nowhere near Brett Kavanaugh in the last 2 months.,positive
"Aaaah. The same Merck who said their original Ivermectin pill (on which the patent has lapsed, so it can be created generical‚Ä¶",positive
"It's also worth noting that the higher IFR in developing nations is despite these areas having few nursing homes. Indeed, nursin‚Ä¶",positive
"CDC numbers reported that among children 5-17 who had COVID-19, there was 1 death per 174,803 cases.",negative
This will go into effect following full‚Ä¶,positive
"These vaccines or not, once COVID-19 came, it was always going to burn through the dry tinder. And it still is.",negative
"CNN On¬†Friday, the United States passed¬†700,000 deaths from Covid-19,¬†108 days after it reached 600,000 Covid-19 deaths.",negative
"\"Rural America\" = Trump red states.",neutral
CDC Advises Pregnant Women To Get Vaccinated Against Covid-19,negative
Japan,positive
"documenting 48,465 deaths",negative
'Florever purge' ad finds the terror in Ron DeSantis' COVID-19 response‚Ä¶,negative
BREAKING U.S. Supreme Court Justice Sonia Sotomayor DENIES request from New York City teachers to block COVID-19 vacc‚Ä¶,negative
"There's two statistics you need to remember, but the government wants you to forget",positive
"",""
"The United States exceeds 700,000 deaths from COVID-19",negative
‚Üì,neutral
"- Unvaxed pose threats to other unvaxed, especially since COVID-19 starts off asymptomatic.",negative
VaccinesWork,neutral
"Congressmen who are fighting for the needs of COMMUNITIES,",negative
fully vaccinated 60.2%,negative
California will become the first state to mandate Covid-19 vaccinations for K-12 school kids ‚ÄúWe want to end this pandemi‚Ä¶,negative
BREAKING California Governor Gavin Newsom announces that COVID-19 vaccinations will be required for all students atte‚Ä¶,negative
Investigation Deaths among Teenagers have increased by 47% in the UK since they started getting the Covid-1‚Ä¶,negative
COVID-19 death rate in rural America now double that of urban communities,negative
"FAUCI FAILS AGAIN Fauci predicted that college football games would be super-spreader events, but so far students have be‚Ä¶",negative
"India's Uttar Pradesh is down 99% in Covid cases since they started using the \"I\" drug in April...",negative
1. The COVID-19 survival rate for t‚Ä¶,negative
Cause and effect!üò™,negative
within 14 days of COVID-19 vaccination,negative
"Plus, scientists who actually know what they're doing &amp; work for a living now have a pill which reduces hospitalizations by 50%.",positive
‚Üì,neutral
This will go into effect following full‚Ä¶,positive
"I've been out for a few months, recovering getting new boobs and getting COVID-19 again. My week has been glorious,returni‚Ä¶",positive
A drug Pfizer is studying to treat COVID-19 is not ‚Äòsuspiciously similar‚Äô to ivermectin,neutral
"We're coming for ALL your records, Gladys. You should have stuck around.",positive
üëàüèºüí¶,neutral
Ah kurah is permanently closed. Covid-19,negative
There are 13 million rapid tests sitting in Ontario warehouses that could instead be used to prevent the spread of COVID-19‚Ä¶,negative
Draymond gives his thoughts on Wiggins‚Äô COVID-19 vaccination status,negative
A whistleblower has provided government data,negative
Pfizer &amp; Moderna‚Ä¶,positive
"New COVID-19 pills may keep recently diagnosed patients out of hospital, company says.",negative
"California will add the Covid-19 vaccination to immunizations required for in-person school attendance, Gov. Gavin Newsom announce‚Ä¶",negative
They call it molnupiravir but really it's Mjolnir. Or should be.,positive
"There's two statistics you need to remember, but the government wants you to forget",positive
are up against those trying to win races! COMMUNITIES NEEDS,positive
Let's protect each other.,positive
among Medica‚Ä¶,positive
"'Cannot believe we are here' US hits 700,000 COVID-19 deaths, a milestone we never expected to reach",negative
Delta increases COVID-19 risks for pregnant women; Pfizer/BioNTech vaccine antibodies gone by 7 months for many,negative
"3/8 impacts of the prevailing COVID-19 policies, and recommend an approach we call Focused Protection.‚Äù",positive
1. The COVID-19 survival rate for t‚Ä¶,negative
The COVID-19 pill.,neutral
"What the hell kind of answer is this??Doesn‚Äôt sound like science. As Illinois COVID-19 hospitalizations, cases fall, when will the mask mandate end?",negative
"\"Do you believe Americans should lose their jobs if they object to taking the COVID-19 vaccine?\"",negative
"More than 700,000 people have succumbed to COVID-19 in the United States since the start of the pandemic, according to the Johns...",negative
"Since the start of the COVID-19 outbreak, Dera Sacha Sauda has worked on public health measures to slow or stop the sp‚Ä¶",negative
Georgia cop who pushed people to take horse dewormer instead of vaccine dies from COVID-19,negative
"\"Rural America\" = Trump red states.",neutral
"Portugal went from saturated Lisbon hospitals in January to reopening nightclubs this Friday, after almost completing it‚Ä¶",negative
Georgia cop who pushed people to take horse dewormer instead of vaccine dies from COVID-19,negative
"Malaysia continues to broaden our COVID-19 immunisation coverage by accelerating vaccinations of 12-17 year olds, 50% of whom‚Ä¶",negative
"Ultimately, the message from this work is simple - COVID-19 has been devastating to low-income places, and we must act urgently‚Ä¶",positive
"Despite national COVID-19 metrics showing encouraging signs of decline, approximately 1,500 Americans are dying from the virus eve‚Ä¶",negative
Delta increases COVID-19 risks for pregnant women; Pfizer/BioNTech vaccine antibodies gone by 7 months for many,negative
"With the agenda to cover maximum people for Covid-19 vaccination &amp; boost their immunity, Dera Sacha Sauda volunteers are help‚Ä¶",positive
"Malaysia continues to broaden our COVID-19 immunisation coverage by accelerating vaccinations of 12-17 year olds, 50% of whom‚Ä¶",negative
2019-12-09 Ôºü    before covid-19 start !  ? a plane ! 2 seats ?  MONTREAL ! apps shows 0.0097% share of my own condo  who is sick ?,negative
I can proudly report that general practices across Australia have delivered more than 15 million COVID-19 vaccines. Wel‚Ä¶,negative
"I think we will just disagree. Old vaccines were also new once, there has been 6.27 billion COVID-19 doses given worldwide.",negative
Moderna and BioNTech plummet more than 15% following news of Merck's COVID-19 antiviral pill,negative
According to WhatsApp medical school- we die in 3 years.,neutral
"We set up 25 monoclonal antibody sites across Florida, and we‚Äôve seen about a 70% reduction in COVID-19 hospitalization‚Ä¶",negative
"16,220 Floridians reportedly died from COVID-19 since end of July which is 250 deaths a day.",negative
"We set up 25 monoclonal antibody sites across Florida, and we‚Äôve seen about a 70% reduction in COVID-19 hospitalization‚Ä¶",negative
Covid-19,neutral
"I wasn't able to participate in this, but I fully support parents who are protesting the lack of basic mitigations in scho‚Ä¶",negative
"New COVID-19 pills may keep recently diagnosed patients out of hospital, company says.",negative
"Worldwide deaths related to COVID-19 surpassed 5 million on Friday, according to a Reuters tally, as the Delta variant causes‚Ä¶",negative
"We set up 25 monoclonal antibody sites across Florida, and we‚Äôve seen about a 70% reduction in COVID-19 hospitalization‚Ä¶",negative
The first pill to help in the fight against Covid-19 could be made available within months.,negative
üëàüèºüí¶,neutral
Covid-19,neutral
"CNN On¬†Friday, the United States passed¬†700,000 deaths from Covid-19,¬†108 days after it reached 600,000 Covid-19 deaths.",negative
Kavanaugh tests positive for COVID-19,negative
"16,220 Floridians reportedly died from COVID-19 since end of July which is 250 deaths a day.",negative
"New COVID-19 pills may keep recently diagnosed patients out of hospital, company says.",negative
Critics slam Alabama's plan to spend federal Covid-19 relief funds to build new prisons  reports,negative
Pfizer VaccineTested,neutral
"documenting 48,465 deaths",negative
Ask the nearest hospital for a second opinion.,negative
EU finds J&amp;J COVID-19 shot possibly linked to another rare clotting condition,negative
"\"Do you believe Americans should lose their jobs if they object to taking the COVID-19 vaccine?\"",negative
"Food, Childcare, Leave, Housing, Roads, RailRoads, Highways, Sewers, Clean Water, Climate Change [POLLUTION], Schools, COVID-19 resources, Minimum Wage‚Ä¶",negative
Concerns grow for Canberra residents and regional folks in the ACT with the release of new covid figures üôèüèª,positive
"The thing I want to know regarding Brett Kavanaugh‚Äôs COVID-19 diagnosis is Who paid off his $92,000 country club fees pl‚Ä¶",negative
"New COVID-19 pills may keep recently diagnosed patients out of hospital, company says - ABC News",negative
Pfizer says it has submitted initial COVID-19 vaccine trial data for kids to Health Canada,negative
"California will add the Covid-19 vaccination to immunizations required for in-person school attendance, Gov. Gavin Newsom announce‚Ä¶",negative
"New COVID-19 pills may keep recently diagnosed patients out of hospital, company says.",negative
Clovis parents are crying and throwing up rn.,negative
Business down 60% at restaurants in New York City due to COVID-19 vaccine mandates.,negative
"Portugal went from saturated Lisbon hospitals in January to reopening nightclubs this Friday, after almost completing it‚Ä¶",negative
Draymond gives his thoughts on Wiggins‚Äô COVID-19 vaccination status,negative
This nurse got fired after hooking up with a COVID-19 patient‚Ä¶ üëÄ,negative
They went from over‚Ä¶,negative
"New COVID-19 pills may keep recently diagnosed patients out of hospital, company says.",negative
Can someone please make it make sense.,negative
Hang in there.,positive
You're not even smart enough to keep up.,positive
Pfizer says it has submitted initial COVID-19 vaccine trial data for kids to Health Canada,negative
"FAUCI FAILS AGAIN Fauci predicted that college football games would be super-spreader events, but so far students have be‚Ä¶",negative
"\"Do you believe Americans should lose their jobs if they object to taking the COVID-19 vaccine?\"",negative
Super simple poll.,positive
"",""
Late Breaking Positive Topline Results  The U.S. Multicenter Experience with CytoSorb blood purification and ECMO in Critical‚Ä¶,positive
"This is a decision that should have been decided upon by the legislature, not mandated by the governor. It‚Äôs also a fi‚Ä¶",positive
Delta increases COVID-19 risks for pregnant women; Pfizer/BioNTech vaccine antibodies gone by 7 months for many,negative
"California will be the first state to require schoolchildren get the COVID-19 vaccine, Gov. Newsom announces",negative
Amidst of covid-19  pandemic the vaccine is the only hope to counter this deadly various.  has been organising‚Ä¶,negative
California will mandate COVID-19 vaccines for children attending school once the shots are federally approved for their age groups‚Ä¶,negative
"\"The Public Health Agency of Canada said majority of the affected individuals experienced relatively mild illness and recovered quickly.\"",negative
Extreamly High levels of Graphene Oxide In Pfizer Covid-19 Vaccines,negative
"Actually, that's not true. You can have the daily t‚Ä¶",positive
This nurse got fired after hooking up with a COVID-19 patient‚Ä¶ üëÄ,negative
within 14 days of COVID-19 vaccination,negative
Super simple poll.,positive
1. The COVID-19 survival rate for t‚Ä¶,negative
Georgia cop who pushed people to take horse dewormer instead of vaccine dies from COVID-19,negative
A Report on Myocarditis Adverse Events in the U.S. Vaccine Adverse Events Reporting System (VAERS) in Association with COVI‚Ä¶,negative
Cuba has provided one dose of the COVID-19 vaccine to 95 percent of the population.,negative
Is Covid-19 more lethal in a funeral??,negative
Too much sadness and sufferings.,negative
"Sadly, although the conference was a noble effort by professionals to address the damaging effects of corporate-state coercion on the masses, the Great Barrington Declaration",negative
FreeCovidVaccination,neutral
Super simple poll.,positive
65% say‚Ä¶,positive
HEA INFLAMMATION RATES HIGHER AFTER MODERNA COVID-19 VACCINE - CANADA DATA,negative
(Largely) unvaccinated people with Covid-19 are now causing shortages of drugs which kids with relapsed childhood leukemia ne‚Ä¶,negative
NBA star Draymond Green speaks out against COVID-19 vaccine mandates.,negative
Keekeekay on Instagram ‚Äú‚ö†Ô∏è,positive
among Medica‚Ä¶,positive
Covid-19 vaccination is imperative to get protected from future loss.  DSS volunteers are helping in arranging free vaccination camps&amp; thereby extending vaccination coverage by reaching maximum people by teachings of St. Dr.  Singh Ji Insan,negative
65% say‚Ä¶,positive
"CNN On¬†Friday, the United States passed¬†700,000 deaths from Covid-19,¬†108 days after it reached 600,000 Covid-19 deaths.",negative
This nurse got fired after hooking up with a COVID-19 patient‚Ä¶ üëÄ,negative
‚Üì,neutral
Why max 100 people in a Funeral but max 75‚Ä¶,negative
.... is he still taking suggestions on how to prevent it?,negative
"Merck's COVID-19 pill cuts risk of death, hospitalization by 50% in study",negative
A pre-print study that overstated the risk of contracting myocarditis following COVID-19 vaccination was retracted due to‚Ä¶,negative
No way in hell should we be giving vaccinations to kids. The risk far outweighs the benefit.,negative
"We're coming for ALL your records, Gladys. You should have stuck around.",positive
Victorians we can do th‚Ä¶,positive
"There's two statistics you need to remember, but the government wants you to forget",positive
"We allow know that, millions of   Volunteers have given, their Selfless service in entir‚Ä¶",positive
"Despite national COVID-19 metrics showing encouraging signs of decline, approximately 1,500 Americans are dying from the virus eve‚Ä¶",negative
Requiring vaccination against deadly diseases at our workplaces &amp; our schools is not ‚Äúfascist.‚Äù Or ‚Äúcommunist.‚Äù It‚Äôs not ev‚Ä¶,negative
"Hey, rocket scientist!",positive
65% say‚Ä¶,positive
"California‚Äôs governor on Friday issued the nation‚Äôs first statewide Covid-19 vaccine mandate for schoolchildren, saying they w‚Ä¶",negative
"3rd world country. Thanks, Trump. Traitor",negative
How Da Fuq did I miss this Add üò≥üò≥,negative
"\"The benefits of mRNA shots in preventing COVID-19 continue to outweigh the risks, regulators...have said.\"",negative
SHOCKING‚ö†Ô∏è,neutral
‚Üì,neutral
FreeCovidVaccination,neutral
"California will add the Covid-19 vaccination to immunizations required for in-person school attendance, Gov. Gavin Newsom announce‚Ä¶",negative
*siiiiigh*,negative
