üëàüèºüí¶,neutral
Fully Vaccinated Justice Kavanaugh Quarantines After Testing Positive For COVID-19,negative
Auckland-based Truck Driver Tests Positive For¬†COVID-19,positive
"CNN On¬†Friday, the United States passed¬†700,000 deaths from Covid-19,¬†108 days after it reached 600,000 Covid-19 deaths.",negative
"Merck's COVID-19 pill cuts risk of death, hospitalisation by 50% in study A pill developed by US drugmaker Merck could half the chances of dying or being hospitalised for those most at risk of contracting severe COVID-19, with experts hailing it as a pot‚Ä¶",negative
"Excellent thread on what endemicity really means. If we decide to let COVID-19 become endemic everywhere, it doesn‚Äôt mean it‚Ä¶",positive
"\"Do you believe Americans should lose their jobs if they object to taking the COVID-19 vaccine?\"",negative
Why max 100 people in a Funeral but max 75‚Ä¶,negative
The claimants have asked the High Court to grant an injunction pausing the roll-out of the COVID-19 vaccinations to children pending determination of their earlier application for Judicial Review.,negative
"Today 1,488 new COVID-19 cases were recorded, the highest number since the start of the pandemic |",negative
Saturday coronavirus COVID-19 stats for our boroughs,positive
Lambeth,neutral
Tod‚Ä¶,positive
Global COVID-19 deaths hit 5 million as Delta variant sweeps the world,negative
Add your highlights,positive
Time for monoclonal antibody treatment,negative
Any provider who won't protect their patients has no business practicing. Period.,positive
"While  celebrates getting ahead of \"the science\" I'll remind you you're being gaslit when it's suggested th‚Ä¶",positive
The Victorian courts and VCAT have released a cross-jurisdictional message regarding the latest COVID-19 update. Read‚Ä¶,negative
BREAKING CA will require our kids to get the COVID-19 vaccine to come to school.,negative
Super simple poll.,positive
59 more people tested positive,negative
"",""
‚Üì,neutral
2. Tunjuk semua step kepada penerima,positive
65% say‚Ä¶,positive
Julian Hill MP,positive
Read more,positive
"This could easily be the christening of the ship that‚Äôs sailing these children and their vouchers away to charter schools, an‚Ä¶",negative
Covid-19 is a sneaky  smart disease.,positive
Southwark,positive
This week 525,neutral
worldnews coronavirus COVID19 Covid_19 DeltaVariant Delta,negative
A Report on Myocarditis Adverse Events in the U.S. Vaccine Adverse Events Reporting System (VAERS) in Association with COVI‚Ä¶,negative
"We set up 25 monoclonal antibody sites across Florida, and we‚Äôve seen about a 70% reduction in COVID-19 hospitalization‚Ä¶",negative
"Merck Says Antiviral Pill for COVID-19 Is Effective, Plans to File for Emergency Authorization  HomeBusiness SmallBiz Marketing Startup BusinessGrowth SmallBusiness GrowthHacking Entrepreneur",positive
"The United States surpasses 700,000 Covid-19 deaths today. It was only ~108 days prior when we reached 600,000 deaths",negative
COVID19 coronavirus,neutral
"She's didn't just pick an empty syringe that \"happens to be there\" yeah. She also didn't push the dose in after she injected th‚Ä¶",negative
"Fauci Results from Merck pill to treat COVID-19 \"impressive\"",positive
You sick disturbing fuck,negative
1. All the data suggests that our kids are safe from this virus and don‚Äôt need to be vaccinated.  2. Our vaccine schedu‚Ä¶,positive
Hoping that     or  is currently working on a story abo‚Ä¶,positive
Once again Phuket stays orange with twice as many cases as Chiang Mai/ Chiang Rai - If you still believe it‚Äôs all about protecting the public and flattening the curve you know nothing about economics and how the wealthy control more than ever and the poor have no voiceü•≤,negative
"16,220 Floridians reportedly died from COVID-19 since end of July which is 250 deaths a day.",negative
Rani Rampal among seven India players to test positive for¬†COVID-19,positive
The United States Agency for International Development donates information and communications technology equipment to he‚Ä¶,positive
Good question. Personally I‚Äôm more concerned about getting Covid-19 from vaccinated perso‚Ä¶,negative
This is a fascinating study looking at viral load and virus in the environment with participants in a chamber. Ventilation‚Ä¶,negative
"While  celebrates getting ahead of \"the science\" I'll remind you you're being gaslit when it's suggested th‚Ä¶",positive
Debunking Myths About COVID-19 Vaccines in Kenya,negative
$CTIC - CTI BioPharma Announces Topline Data From Final Analysis Of PRE-VENT Clinical Trial Evaluating Pacritinib As Treatment For Severe COVID-19,negative
"Reminder that 4 months ago Joe Biden canceled an independent investigation into COVID-19 origins with the Wuhan Lab, and s‚Ä¶",negative
A Report on Myocarditis Adverse Events in the U.S. Vaccine Adverse Events Reporting System (VAERS) in Association with COVI‚Ä¶,negative
I wouldn‚Äôt trust this guy with Metamucil.,positive
COVID-19 Vaccination  Camp  volunteersüëèüëè,negative
One of the choices is Sotr‚Ä¶,positive
"16,220 Floridians reportedly died from COVID-19 since end of July which is 250 deaths a day.",negative
No deaths due to Covid-19 vaccine in Jamaica - HealthMinistry,negative
"\"California to Mandate Covid-19 Vaccines for All Students as Soon as Next Fall\" by Shawn Hubler via NYT",negative
"\"Do you believe Americans should lose their jobs if they object to taking the COVID-19 vaccine?\"",negative
This will go into effect following full‚Ä¶,positive
COVID-19 in Pakistan kills 46 people in last 24 hours,negative
"Fauci Results from Merck pill to treat COVID-19 \"impressive\"",positive
Baudelaire once said that the greatest trick the devil ever pulled was to convince the world he didn‚Äôt exist,positive
üëàüèºüí¶,neutral
can i please ask you to look at me and my daughters campain. We are currently homeless due to covid-19 and are trying to be Reunited. If you are able to  or contribute we would be forever greatful to you . Thank you kindlyüôè,positive
"\"The Testimonies Project was created to provide a platform for all those who were affected after getting t‚Ä¶",positive
...remember that Australian doctors are under a GAG ORDER to NOT discuss jab/shot risks with patients and to NOT deviate f‚Ä¶,negative
üíä  An antiviral pill cut the chances of Covid-19 patients being hospitalised by 50% in late-stage trials,negative
"Love when they do this... damage already done.  Confidence already eroded.  Anti vaxxers already over it like a rash, numpties will still be quoting it in 2030.",negative
"According to the Medicare Tracking System,",negative
29 m  ¬∑,positive
41 more people tested positive,negative
Last week 550,negative
Block Moga Panjab,positive
Super simple poll.,positive
the total number of Americans that died within 14 days of receiving the COVID-‚Ä¶,negative
"They also comment about the weather, yet they are not Meteorologists. They talk about how nice wine is, yet they are not‚Ä¶",positive
Breaking from,negative
This is not a simple mistake! And it already happened many times,negative
UPDATE NSW received $6.15 billion in Covid-19 disaster payments compared to $2.4 billion for Victo‚Ä¶,negative
"How will COVID-19 change psychological research? 50-some psychologists (mostly social) weigh in with their hopes, fear‚Ä¶",positive
The spread of COVID-19 has been devastating for the millions of people who have been infected by the virus and lost their lives and the tens of millions of people who have lost their work and livelihoods.,negative
"All Americans &amp; people flying in from other countries have to be vaccinated, but i‚Ä¶",negative
"We set up 25 monoclonal antibody sites across Florida, and we‚Äôve seen about a 70% reduction in COVID-19 hospitalization‚Ä¶",negative
you going back to school anytime soon?,negative
FFS. California will only allow kids to go to school if they get the vaccine.,negative
"Board-certified pathologist, Ryan Cole, MD, explains how Pfizer‚Äôs Covid-19 mRNA vaccine reprograms innate immune response‚Ä¶",positive
"Until covid-19 Sonu Sood was a second-tier star, but the pandemic made him a true-life all-India hero",positive
We're running two drop-in COVID-19 vaccination clinics for Aboriginal and Torres Strait Islander people next weeküí™üèæ People a‚Ä¶,positive
I don‚Äôt know about this explanation. Why were 2 syringes there on the table? Plus the nurse explicitly showed the syringe‚Ä¶,negative
"US hits 700,000 deaths due to Covid-19 just as cases begin to decline  US hits 700,000 deaths due to Covid-19 just as cases begin to decline",negative
"\"Do you believe Americans should lose their jobs if they object to taking the COVID-19 vaccine?\"",negative
This week 485,negative
"Cumulative cases 40,674",negative
To se‚Ä¶,neutral
"US deaths from COVID-19 surpass 700,000 (",negative
FreeCovidVaccination,neutral
COVID-19 Detention Camps Are Government Round-Ups Of Resistors In Our Future?,negative
Fully Vaccinated Justice Kavanaugh Quarantines After Testing Positive For COVID-19,negative
LOOKING FOR BLOOD DONATION,positive
65% say‚Ä¶,positive
School boards ask for federal help as tensions rise over Covid-19¬†policies,negative
"Peer-Reviewed üëÜ ‚ÄûThus, our extremely conservative estimate for risk-benefit ratio is about 5/1. In plain English, peop‚Ä¶",positive
"I can predict  that THOUSANDSSS of kids will be homeschooled , teachers will be losing jobs , schools won‚Äôt get funded w/out student to teach üòÇüòÇü§£ü§°ü§°. There will be an uproar.  As a mother , you don‚Äôt tell me what to do to my children , I don‚Äôt co parent with the government üíØ",negative
"Worldwide deaths related to Covid-19 surpassed 5 million on October 1, according to a Reuters tally",negative
In practice‚Ä¶,negative
"Of all the moments to announce this, just as the NHS heads into a second very difficult Winter, with staff shattered an‚Ä¶",negative
swimswamnews Madi Wilson Hits 24.04 50 Free PB Less Than 2 Weeks After COVID-19 Diagnosis,negative
"Of all the moments to announce this, just as the NHS heads into a second very difficult Winter, with staff shattered an‚Ä¶",negative
"is üíØ% correct, MSM seem to have a tiny appetite when it comes to feeding on pos+ factoids. UK MSM lacking CPR;",negative
Super simple poll.,positive
Last week 503,positive
C ontextualisation,positive
A memo obtained by  outlines steps San Diego County has taken to improve its troubled‚Ä¶,negative
Addressing the Session on Sustainable Development Goals in the light of Humanity‚Äôs experience with COVID-19 at the Norman‚Ä¶,positive
COVID-19 delays celebrations marking 40 years since ‚Äògroundbreaking‚Äô APY Lands Act,negative
"Mutahi Kagwe dismisses claims he's preparing to launch his Presidential bid, saying his focus is to fight Covid-19 and po‚Ä¶",negative
Mother's bid to suspend the rollout of the Covid-19 vaccine to her children has failed - Daily Mail  via,negative
"There is a Covid-19 vaccination rate between 50% and 80% (closer to 80% really) that suppresses even the Delta variant. Spain saw this drop off in hospitalizations and deaths as it surpassed 70%. Denmark about the same. Natural immunity helps, but just get to 70%-80% to be sure!",negative
Mungkin kena implement poka-yoke (mistake proofing) kalau belum ada.,neutral
bitcoin bsc covidtoken crypto cryptocurrency covid19 token,positive
VICTORIANS today Chairman  announced tyranny on hundreds of thousands of Victorians to submit to a COVID-‚Ä¶,positive
BREAKING ‚Äì Pfizer stand accused of experimenting on orphan babies to test their Covid-19 vaccine ‚Äì The Expose,negative
"While  celebrates getting ahead of \"the science\" I'll remind you you're being gaslit when it's suggested th‚Ä¶",positive
Georgia cop who pushed people to take horse dewormer instead of vaccine dies from COVID-19,negative
The AP did absolutely no scientific research of its own to refute decades of scientific evidence and robust findings from‚Ä¶,negative
"16,220 Floridians reportedly died from COVID-19 since end of July which is 250 deaths a day.",negative
"California will add the Covid-19 vaccination to immunizations required for in-person school attendance, Gov. Gavin Newsom announce‚Ä¶",negative
"Ramaphosa should be condemning Mkhize, not defending him because he did a good job managing Covid-19",neutral
A Report on Myocarditis Adverse Events in the U.S. Vaccine Adverse Events Reporting System (VAERS) in Association with COVI‚Ä¶,negative
"An Australian practitioner discussing the AHPRA gag order. It is a simple request, speak out against the official govern‚Ä¶",positive
"16,220 Floridians reportedly died from COVID-19 since end of July which is 250 deaths a day.",negative
This is a fascinating study looking at viral load and virus in the environment with participants in a chamber. Ventilation‚Ä¶,negative
"üö®Gosar Minuteüö®Vaccine Mandates As recently as July, Mr. Biden promised that there would be no Federal COVID-19 Vaccine Manda‚Ä¶",negative
"At UNGA session, world leaders thank India for Covid-19 vaccine shipments | Business Standard News",positive
‚Äú[T]he Covid-19 pandemic has posed enormous challenges‚Ä¶The biggest question before the entire world is how to restart? The‚Ä¶,positive
"We set up 25 monoclonal antibody sites across Florida, and we‚Äôve seen about a 70% reduction in COVID-19 hospitalization‚Ä¶",negative
Investigation Deaths among Teenagers have increased by 47% in the UK since they started getting the Covid-19 Vaccine‚Ä¶,negative
"Until covid-19 Sonu Sood was a second-tier star, but the pandemic made him a true-life all-India hero",positive
"We set up 25 monoclonal antibody sites across Florida, and we‚Äôve seen about a 70% reduction in COVID-19 hospitalization‚Ä¶",negative
Well done to those triple vaxxed clowns that can STILL catch Covid-19 and pass on Covid-19 just the sa‚Ä¶,positive
Can someone please make it make sense.,negative
65% say‚Ä¶,positive
"The biggest lesson from the Covid-19 fight is that, India has unparalleled ability to unite and a tremendous capacity to deli‚Ä¶",positive
"They also comment about the weather, yet they are not Meteorologists. They talk about how nice wine is, yet they are not‚Ä¶",positive
...remember that Australian doctors are under a GAG ORDER to NOT discuss jab/shot risks with patients and to NOT deviate f‚Ä¶,negative
"Until covid-19 Sonu Sood was a second-tier star, but the pandemic made him a true-life all-India hero",positive
"BREAKING Ontario is making COVID-19 vaccinations mandatory for all in-home LTC staff, support workers, students &amp; volunteers‚Ä¶",negative
Dear Ms Evetteüåπ. can i please ask you to look at me and my daughters campain. We are currently homeless due to covid-19 and are trying to be Reunited. If you are able to  or contribute we would be forever greatful to you . Thank youüôè,positive
Vaccines reduce risk of death and hospitalization by 96%,negative
Australia's Therapeutic Goods Administration (TGA) officially listed a COVID-19 vaccine developed by China's Sinovac as‚Ä¶,negative
COVID-19 hospitalizations increase among unvaccinated pregnant women,negative
Victoria's Treasurer has launched an attack after the Federal Government refused to match business support for the State's construction industry.,negative
"Cumulative cases 36,490",negative
"",positive
Antibody tests for COVID-19 remain popular in Russia,negative
Alabama governor signs bill to use Covid-19 relief funds to build prisons ‚Äì¬†CNN,negative
"In Melbourne, Covid-19 is rampant. We have no room to practice social distancing ‚Äì how can we with four men to a room?",negative
Grim milestone reached as tens of millions refuse to get vaccinated even though the jabs are...,negative
"Type Any type of blood (fyi, kalau pakai hospital blood bank kita boleh gnti dengan any type of bl‚Ä¶",positive
Dan &amp; rest of Australia can learn from,positive
"",""
BREAKING California will require students to be vaccinated against Covid-19 to attend school in person. üíâ,negative
Graphs covering each day since 23/5/20 to yesterday (1) daily % increase in new COVID-19 cases in the UK and (2) daily % increase in deaths. The death rate (total accumulated number of deaths as % of total accumulated number of cases) is now at 1.74%.,negative
"1. CITF-A has admitted to a human error, after a video of a 12-year-old boy receiving an apparently empty Covid-19 shot went v‚Ä¶",negative
Becerra Won‚Äôt Apologize For Suggesting COVID-19 Survivors Who Didn‚Äôt Get Vaccine Are Like ‚ÄòFlat-Earthers‚Äô | The Daily Call‚Ä¶,negative
"Healthcare workers are bound to do no harm to their patients, and skipping a proven safe and effective vaccine does just that. We agree to several vaccinations already, COVID-19 is just one more.",positive
P roffesionalism,positive
Is Covid-19 more lethal in a funeral??,negative
R espect,positive
This nurse got fired after hooking up with a COVID-19 patient‚Ä¶ üëÄ,negative
"1. Only needles, one syringe and one vaccine vial on the tray at all time.",negative
