More medical news at,negative
"In two-page letter today to school leaders, State Epidemiologist Theresa Sokol says it is of â€œparamount importanceâ€ that sâ€¦",positive
"Unfortunately, In Australia from where the research that announced to the world that ivermectin kills Covid-19 in 4â€¦",negative
Dr Ryan Cole explains that the Covid-19 jabs are suppressing TLR4 which is what helps prevent cancer - so the jabs promote cancer. Drs are reporting quick development of cancers after the jabs.,negative
GandhiJayanti mahatamagandhi 2ndoctober COVID19Vaccination,positive
Georgia cop who pushed people to take horse dewormer instead of vaccine dies from COVID-19,negative
Infographic COVID-19 Outbreak &amp; Cover-up,positive
"It took three months for the U.S. to go from 600,000 to 700,000 deaths, driven by tâ€¦",negative
LOOKING FOR BLOOD DONATION,positive
ğŸ’” 418 deadâ€¦,negative
"Trust in God, donâ€™t trust the Church.",positive
"Senate Min Ldr  believes,VP  will file her COC before Oct 8She is the most qualified to leadâ€¦",positive
We are inviting pregnant women to take part in a study evaluating Covid-19 vaccines in pregnancy. Interested or know soâ€¦,negative
BREAKING - Pfizer stand accused of experimenting on orphan babies to test their Covid-19 vaccine,negative
Iâ€™m a year and a half away from flight benefits for life with 20 years in,negative
Antibody tests for COVID-19 are popular inÂ Russia,positive
The very real and tangible dangers of reporting on pre-prints without sufficient scepticism.,positive
â†“,neutral
"",""
"And Republican governors in Florida, Texas and South Dakota are picking fights with everyone who has beâ€¦",positive
CVST After COVID-19 Vaccine New Data Confirm High Mortality Rate,negative
Is Covid-19 more lethal in a funeral??,negative
ğŸ‘ˆğŸ¼ğŸ’¦,neutral
I think it's great that all these basketball players are speaking up honestly about this issue recently. ğŸ™ŒğŸ¾,negative
"",positive
So now an early treatment pill is hailed?!,negative
"",""
"She's didn't just pick an empty syringe that \"happens to be there\" yeah. She also didn't push the dose in after she injected thâ€¦",negative
"Today, October1st, parents, teachers and workers in countries around the world are supporting the call from UK parentâ€¦",positive
"Protesters are back pushing for the right to make their co-workers, and co-workers' families, and their customers/clients sâ€¦",negative
"As we transition to living with COVID, we will be adding new, innovative treatment options to our arsenal in addition to vaccâ€¦",positive
"Excellent thread on what endemicity really means. If we decide to let COVID-19 become endemic everywhere, it doesnâ€™t mean itâ€¦",positive
Young children are at risk for severe COVID19. COVID-NET data show that rates of COVID-19-related hospitalizations in childrenâ€¦,negative
"We set up 25 monoclonal antibody sites across Florida, and weâ€™ve seen about a 70% reduction in COVID-19 hospitalizationâ€¦",negative
ğŸ¤” BREAKING - Pfizer stand accused of experimenting on orphan babies to test their Covid-19 vaccine,negative
"\"Do you believe Americans should lose their jobs if they object to taking the COVID-19 vaccine?\"",negative
This is what a deep sense of loss looks like,negative
Why max 100 people in a Funeral but max 75â€¦,negative
"We set up 25 monoclonal antibody sites across Florida, and weâ€™ve seen about a 70% reduction in COVID-19 hospitalizationâ€¦",negative
Look out for the Council's COVID-19 Community Mobile Testing Unit which is moving around the borough this week(end),positive
"",""
"This is all such a scam. We could repurpose ivermectin for so cheap. None of this is about public health, itâ€™s about câ€¦",negative
"",""
"",""
"Protesters are back pushing for the right to make their co-workers, and co-workers' families, and their customers/clients sâ€¦",negative
ğ—§ğ—¥ğ—”ğ—©ğ—˜ğ—Ÿ ğ—œğ—¡ğ—¦ğ—¨ğ—¥ğ—”ğ—¡ğ—–ğ—˜,positive
"Type Any type of blood (fyi, kalau pakai hospital blood bank kita boleh gnti dengan any type of blâ€¦",positive
Get a grip,positive
How much damage has beenâ€¦,negative
JUST IN California will require K-12 students to get the COVID-19 vaccine to attend school in person once the FDA fully aâ€¦,positive
Can parasites enter the lungs via the air?,positive
Super simple poll.,positive
"Yeah. Let's make fun of vaccines and masks and Ivermectin up assholes, but that's a lot of dead Americans from that Trumpy \"hoax\".",negative
Who's groundhopping this weekend?,positive
Respect.,positive
02.10.21 | Indiaâ€™s Cumulative COVID-19 Vaccination Coverage exceeds 89.74 Cr -,negative
"Merck pill seen as 'huge advance,' raises hope of preventing COVID-19 deaths | Reuters It cuts death rate by 50%! Nowâ€¦",negative
"US deaths from COVID-19 surpass 700,000  via",negative
A drug Pfizer is studying to treat COVID-19 is not â€˜suspiciously similarâ€™ to ivermectin,neutral
â€œ[T]he Covid-19 pandemic has posed enormous challengesâ€¦The biggest question before the entire world is how to restart? Theâ€¦,positive
Over 90% of people in the ICU due to COVID-19 are not fully vaccinated.,negative
The suffix is the same as Rendesevir which is killing people,positive
65% sayâ€¦,positive
No Covid-19 case in 44% of Uttar Pradesh districts.,negative
ğŸ’” 362 dead from Covid19 in NSW since June 16th,negative
Mâ€¦,neutral
BREAKING Supreme Court Justice Brett Kavanaugh (5â€™9â€) has tested positive for Covid-19,negative
"Merckâ€™s experimental pill to treat covid-19 cuts risk of hospitalization and death in half, the pharmaceutical company reports",negative
GetVaccinated,neutral
This is what a deep sense of loss looks like,negative
Does nicotine kill larval-stage parasites in the lungs?,negative
StopTheSpread,negative
"This Gandhi Jayanti, make the choice to get your vaccination for COVID-19 for a safer and healthier tomorrow.",positive
"Our partnership with Holiday Extras mean you can secure great Travel Insurance, including Covid-19 Cover, using our link below.",positive
"Please, get vaccinated - and help family and friendsâ€¦",negative
BREAKING U.S. Supreme Court Justice Sonia Sotomayor DENIES request from New York City teachers to block COVID-19 vaccâ€¦,negative
Investigation Deaths among Teenagers have increased by 47% in the UK since they started getting the Covid-19 Vaccineâ€¦,negative
â€œ[T]he Covid-19 pandemic has posed enormous challengesâ€¦The biggest question before the entire world is how to restart? Theâ€¦,positive
Not letting COVID-19 out Broadway's Aladdin shuts for 12 days to battle virus,negative
"Wow that swictheroo ğŸ‘€ Didn't even notice on the first watch. Intentional or plain carelessness idk, but thank god the parent recorded",negative
â¦â© see what your COVID-19 vaccine has doneâ€¦ bastard schools authorities ğŸ˜¡,negative
Draymond gives his thoughts on Wigginsâ€™ COVID-19 vaccination status,negative
"UK food banks brace for halted COVID-19 payments, higher gas prices, coming winter",negative
"Swap and repo lines have become an integral part of the ECBâ€™s toolkit. During the Global Crisis and the Covid-19 pandemic, the ECB announced more than 28 agreements to provide euro liquidity to foreign exchange markets, mainly within Europe.",positive
U.S. Supreme Court Justice Kavanaugh tests positive for COVID-19,positive
"COVID-19 Deaths Eclipse 700,000 in US as Delta Variant Rages",negative
My Nyeri peoples  has availed covid-19 vaccines in all these centres. PataChanjoKe,negative
HA KochNetwork,positive
I wouldn't trust this for a second,positive
"",positive
"Kenya, Uganda, Tanzania and Ethiopia have agreed to roll-out cross border COVID-19 vaccinations. This was agreed following bâ€¦",positive
Young Migrant Workers Bear Brunt of COVID-19 Pandemic | Inter Press Service,negative
"California will add the Covid-19 vaccination to immunizations required for in-person school attendance, Gov. Gavin Newsom announceâ€¦",negative
The AP did absolutely no scientific research of its own to refute decades of scientific evidence and robust findings fromâ€¦,negative
BREAKING CA will require our kids to get the COVID-19 vaccine to come to school.,negative
ğŸ’” 418 deadâ€¦,negative
Veteran Liberal MP Russell Broadbent says he hasnâ€™t been vaccinated against COVID-19 and doesnâ€™t want to take any of the jabs câ€¦,negative
BREAKING CA will require our kids to get the COVID-19 vaccine to come to school.,negative
"",""
"We set up 25 monoclonal antibody sites across Florida, and weâ€™ve seen about a 70% reduction in COVID-19 hospitalizationâ€¦",negative
NEW STUDY LAUNCHED!,positive
Walk into Paras Hospitals for vaccination details.,negative
ğŸ’” 362 dead from Covid19 in NSW since June 16th,negative
Can parasites enter thâ€¦,negative
"Senate Min Ldr  believes,VP  will file her COC before Oct 8She is the most qualified to leadâ€¦",positive
We have an MP in VIC making a stand on the mandate. A federal one to boot. Let's see if this kicks off some legal spiceâ€¦,positive
This nurse got fired after hooking up with a COVID-19 patientâ€¦ ğŸ‘€,negative
"",""
New Blog Post My Experience of Covid-19,positive
Pharmaceutical company Merck says research found its experimental COVID-19 pill reduced hospitalizations and deaths by halfâ€¦,negative
"Latest US hits 7,00,000 COVID-19 deaths",negative
"",""
No Covid-19 case in 44% of Uttar Pradesh districts.,negative
Merck Pharmaceutical Presents COVID-19 Pill With Data Showing 50 Percent Reduction in Hospitalization,negative
LIVE PM 's remarks at Global Covid-19 Summit.,positive
BREAKING California will become the first state in the U.S. to require eligible students get the COVID-19 vaccine to attâ€¦,negative
"She's didn't just pick an empty syringe that \"happens to be there\" yeah. She also didn't push the dose in after she injected thâ€¦",negative
This judge upholds  covid-19 vaccination mandates this judgment can kiss where the sun don't shine,negative
This will go into effect following fullâ€¦,positive
A Chinese citizen journalist whose viral videos offered an unfiltered early glimpse of the Covid-19 outbreak as it consumed the ciâ€¦,negative
Get a grip,positive
This will go into effect following fullâ€¦,positive
"1. CITF-A has admitted to a human error, after a video of a 12-year-old boy receiving an apparently empty Covid-19 shot went vâ€¦",negative
Draymond gives his thoughts on Wigginsâ€™ COVID-19 vaccination status,negative
What a bloody mess. You know what would have prevented this? Not locking up refugees.,negative
"She's didn't just pick an empty syringe that \"happens to be there\" yeah. She also didn't push the dose in after she injected thâ€¦",negative
Please. Get. Vaccinated.,negative
Science denier! Covid is less of a risk to kids than the flu.,negative
BREAKING Supreme Court Justice Brett Kavanaugh (5â€™9â€) has tested positive for Covid-19,negative
Can someone please make it make sense.,negative
"\"The Impact of COVID-19 on Micro and Informal Businesses in South Africa\"",positive
