"\"So many of these deaths were preventible,\" says . \"It was inaction‚Ä¶",negative
What happens when the world's most popular COVID-19 dashboard can't get data?,negative
So are you then saying that everybody that has died and any children that will die because of being needlessly vaccina‚Ä¶,negative
"From today (Oct 1, 2021) the mandatory quarantine rule for people travelling from SouthAfrica to the Netherlands has‚Ä¶",positive
"Reminder that 4 months ago Joe Biden canceled an independent investigation into COVID-19 origins with the Wuhan Lab, and s‚Ä¶",negative
Everyone who died within 30 days of a COVID-19 positive test is counted as a covid death. It inflated the numberS quite a bit.,negative
Propaganda machine in full swing. They must eliminate the control group at all costs.,negative
"An Australian practitioner discussing the AHPRA gag order. It is a simple request, speak out against the official govern‚Ä¶",positive
"We set up 25 monoclonal antibody sites across Florida, and we‚Äôve seen about a 70% reduction in COVID-19 hospitalization‚Ä¶",negative
"Nearly 700,000 people in the U.S. have now died of Covid-19 ‚Äî making this the deadliest pandemic in American history.",negative
A major‚Ä¶,positive
"We will, Daniel. And we'll remove Rubio too.",positive
Covidcure Covid19 Coronavirus,negative
What's the LogicalReason why Biden is allowing 100K+ of migrants into the USA without testing them for COVID-19 or requiri‚Ä¶,negative
BREAKING California will require students to be vaccinated against Covid-19 to attend school in person. üíâ,negative
"The U.S. death toll from COVID-19 has surpassed 700,000. It's a grim and frustrating milestone as the nation confronts a surge in i‚Ä¶",negative
"CNN On¬†Friday, the United States passed¬†700,000 deaths from Covid-19,¬†108 days after it reached 600,000 Covid-19 deaths.",negative
Well spoken,positive
What a bloody mess. You know what would have prevented this? Not locking up refugees.,negative
BREAKING CA will require our kids to get the COVID-19 vaccine to come to school.,negative
Is Covid-19 more lethal in a funeral??,negative
"",""
I LOVE THIS MAN - He cares for Texas and for us.,positive
"Please share this latest currency converter so I can lean upon it to show some incredible profits to my boss, though due to CoVid-19 company had suffered significant revenue losses.",negative
Why max 100 people in a Funeral but max 75‚Ä¶,negative
"Reminder that 4 months ago Joe Biden canceled an independent investigation into COVID-19 origins with the Wuhan Lab, and s‚Ä¶",negative
"\"Do you believe Americans should lose their jobs if they object to taking the COVID-19 vaccine?\"",negative
"Thanks to the Biden-Harris administration, we are‚Ä¶",positive
"Reminder that 4 months ago Joe Biden canceled an independent investigation into COVID-19 origins with the Wuhan Lab, and s‚Ä¶",negative
The AP did absolutely no scientific research of its own to refute decades of scientific evidence and robust findings from‚Ä¶,negative
This nurse got fired after hooking up with a COVID-19 patient‚Ä¶ üëÄ,negative
A major‚Ä¶,positive
"Portugal went from saturated Lisbon hospitals in January to reopening nightclubs this Friday, after almost completing it‚Ä¶",negative
"Kidney damage is painless and silent, and it‚Äôs the latest ailment to be identified afflicting a large swath of Covid-19 survi‚Ä¶",negative
Japan to begin experimenting with proof of vaccination at restaurants &amp; other places this month.,negative
"Aside from political organizing in local races now, I'm giving extra credit for‚Ä¶",positive
"pandemic's over, pack it up ü§∑üèª‚Äç‚ôÇÔ∏è",neutral
"16,220 Floridians reportedly died from COVID-19 since end of July which is 250 deaths a day.",negative
BREAKING  announces that CA is adding the COVID-19 vaccine to list of required school vaccinations.,negative
This will go into effect following full‚Ä¶,positive
What did Covid-19 caused you?,negative
"We set up 25 monoclonal antibody sites across Florida, and we‚Äôve seen about a 70% reduction in COVID-19 hospitalization‚Ä¶",negative
"With the agenda to cover maximum people for Covid-19 vaccination &amp; boost their immunity, Dera Sacha Sauda volunteers are help‚Ä¶",positive
Everyone who died within 30 days of a COVID-19 positive test is counted as a covid death. It inflated the numbers quite a bit.,negative
"Portugal went from saturated Lisbon hospitals in January to reopening nightclubs this Friday, after almost completing it‚Ä¶",negative
NowPlaying BTO TallSon() - Covid-19 Listen Live At &gt;&gt;&gt;  TeamJeneses More At   TallyRaggNation,positive
Georgia cop who pushed people to take horse dewormer instead of vaccine dies from COVID-19,negative
Research associates excess body weight with COVID-19 mortality,positive
Super simple poll.,positive
I would really appreciate your reply please üôèü§£üòÇü§£üòÇü§£,positive
ALLEGATION-10 TGAsRapSheet,positive
65% say‚Ä¶,positive
Weeks-long ordeal for Los Lunas family after teenage sons fall critically ill by¬†COVID-19,positive
"She's didn't just pick an empty syringe that \"happens to be there\" yeah. She also didn't push the dose in after she injected th‚Ä¶",negative
"We set up 25 monoclonal antibody sites across Florida, and we‚Äôve seen about a 70% reduction in COVID-19 hospitalization‚Ä¶",negative
"I think we are figuring it out.   Vaccines don't protect us and are causing health problems in people, some of which a‚Ä¶",negative
President Cyril Ramaphosa talks about why men are slower to get COVID-19 vaccines ü§£üèÉ‚Äç‚ôÄÔ∏è. CyrilRamaphosa Khanyi Zuma Orani‚Ä¶,positive
"Novel Insights on COVID-19 Vaccines and Virus Evolution, Artificial Intelligence in the Clinic, Miniaturization of Diagnostic‚Ä¶",negative
"She's didn't just pick an empty syringe that \"happens to be there\" yeah. She also didn't push the dose in after she injected th‚Ä¶",negative
"As far as possible we should prevent ourselves from the oncoming third wave of the COVID-19 pandemic in our society. This is possible by the successful intervention of the government machinery, doctors and the people large. May God bless us",positive
President Biden hosts a virtual summit with several leaders on how the world can end the COVID-19 pandemic.,positive
"Cascade County on Friday added 60 new COVID-19 cases. The county has 1,210 active cases and 210 deaths from the virus.",negative
BREAKING CA will require our kids to get the COVID-19 vaccine to come to school.,negative
‚Üì,neutral
It‚Äôs also experimenting w‚Ä¶,positive
The Theme of the conference is ‚ÄúLeveraging the Potential of Science and Technology to Mitigate Challenges Associated with C‚Ä¶,positive
The AP did absolutely no scientific research of its own to refute decades of scientific evidence and robust findings from‚Ä¶,negative
COVID-19 absolutely did not do that.,negative
Student‚Ä¶,positive
New Covid-19 pill in Germany exceeds all expectations as it reduces Coronavirus deaths by half,negative
"For more up-to-date medical headlines, visit",positive
Early Treatment right here üëáüëá,positive
There's a push to get Pregnant &amp; Nursing mums jabbed. Aussie authorities claimüíâwere thoroughl‚Ä¶,negative
Some fantastic research roles for people keen to explore the impact of social models of mental health recovery and prevention.,positive
The future of the TRIPS agreement post COVID-19  via  COVID19 access2meds TRIPSagreement TRIPSwaiver,positive
Georgia cop who pushed people to take horse dewormer instead of vaccine dies from COVID-19,negative
"An exceedingly awkward moment occurred on The View last week when two of the hosts, Sunny Hostin and Ana Navarro, unexpec‚Ä¶",negative
"If you are thinking of starting a business in 2021, it is critical to take the new normal into account. The COVID-19 pandemi‚Ä¶",positive
"Health Canada has granted priority review to Celltrion Healthcare‚Äôs experimental monoclonal antibody, regdanvimab, for‚Ä¶",negative
Youtube CEO says censoring videos about COVID-19 and the vaccines is a ‚ÄúTop Priority‚Äù and they have deleted 1 Million vide‚Ä¶,negative
"She's didn't just pick an empty syringe that \"happens to be there\" yeah. She also didn't push the dose in after she injected th‚Ä¶",negative
currently at 52% in our City but this is of eligible population. I wonder what percentage of total population?,negative
"She's didn't just pick an empty syringe that \"happens to be there\" yeah. She also didn't push the dose in after she injected th‚Ä¶",negative
"On the day of the SRHvDC match,  confirm their player  has tested positive for COVID-19 and is self-‚Ä¶",neutral
Dr. Li-Meng Yan tells us that in China they are using hydroxychloroquine to combat the COVID-19 virus.,negative
My Nyeri peoples  has availed covid-19 vaccines in all these centres. PataChanjoKe,negative
Stage!,positive
"COVID-19 New World Order is here says Health Minister &amp; Health Official. DON'T give them your DNA TEST, DON'T take their KI‚Ä¶",negative
Mark McGowan touts WA's COVID-19 success to Labor Party faithful ahead of federal campaign  via,positive
This needs publicity. Please,positive
What happens when the world's most popular COVID-19 dashboard can't get data?,negative
"She's didn't just pick an empty syringe that \"happens to be there\" yeah. She also didn't push the dose in after she injected th‚Ä¶",negative
California will require our students to get vaccinated against COVID-19 to come to school. Just like existing vaccine requi‚Ä¶,negative
CVST After COVID-19 Vaccine New Data Confirm High Mortality Rate,negative
üëàüèºüí¶,neutral
Taiwan's Health Minister says a relaxation of the mandatory wearing of face masks will be announced on Sunday because of the‚Ä¶,negative
Honestly I don't even think I can give an answer because idk? Covid-19 really ruined it all. It is cool if you are doing what you enjoy... which I think I am now since I changed courses. But everything about uni I can't really say.,negative
What happens when the world's most popular COVID-19 dashboard can't get data?,negative
This document has been signed by such luminaries as Dr. Johnny Bananas.,positive
"",positive
This will go into effect following full‚Ä¶,positive
Legislative Leaders or Power hungry members of the  hellbent on running our state into the ground by thrashing COV‚Ä¶,neutral
The new COVID-19 pill üíä that‚Äôs more than likely ivermectin in a new look and package.,negative
"Covid-19 has a bad impact in almost every sector. So, as a crypto projects how did it affect you? How you  and your team have done the work in the pandemic?",positive
"You had your chance, CA. Unfortunately, this is what you get.",negative
Around 200 refugee detainees at Melbourne detention centre are being tested for COVID-19 as a precautionary measure after a st‚Ä¶,negative
"\"Do you believe Americans should lose their jobs if they object to taking the COVID-19 vaccine?\"",negative
"",""
"\"Do you believe Americans should lose their jobs if they object to taking the COVID-19 vaccine?\"",negative
The developing world's brain-dead response to COVID-19 - which consisted of preten‚Ä¶,positive
"Novel Insights on COVID-19 Vaccines and Virus Evolution, Artificial Intelligence in the Clinic, Miniaturization of Diagnostic‚Ä¶",negative
"Nearly 700,000 people in the U.S. have now died of Covid-19 ‚Äî making this the deadliest pandemic in American history.",negative
"In fact, an independent group of experts recommended stopping it early because the interim results beat all expectations ---&gt;",negative
"",positive
Super simple poll.,positive
Super simple poll.,positive
"",""
"Asked if he supports a federal judge‚Äôs recent order to mandate COVID-19 vaccines for state prison staff,  doe‚Ä¶",negative
BREAKING U.S. Supreme Court Justice Sonia Sotomayor DENIES request from New York City teachers to block COVID-19 vacc‚Ä¶,negative
Which pales in comparison to Covid-19 in the rate of deaths and transmissibility. So what's your point?  We also still have the common cold.,negative
German pharmaceutical company Merck says its findings from a recent study showed its experimental COVID-19 pill reduced‚Ä¶,negative
Georgia cop who pushed people to take horse dewormer instead of vaccine dies from COVID-19,negative
U.S. travelers will need to prove Covid-19 status if the Senate bill passes,negative
"Malaysia continues to broaden our COVID-19 immunisation coverage by accelerating vaccinations of 12-17 year olds, 50% of whom‚Ä¶",negative
Can someone please make it make sense.,negative
65% say‚Ä¶,positive
BREAKING California is adding the COVID-19 vaccine to the list of required vaccinations to attend in person. MORE of thi‚Ä¶,negative
UPDATED List of Lawyers by State Who Fight COVID-19 Mandates ‚Äì Clever Journeys,positive
"As the number of Covid-19 cases surges in the United States, more than 50 health and medical groups ‚Äî including the American Medical Association, health covid19 diabetes diabetesasia wellness",negative
65% say‚Ä¶,positive
"With the agenda to cover maximum people for Covid-19 vaccination &amp; boost their immunity, Dera Sacha Sauda volunteers are‚Ä¶",positive
"She's didn't just pick an empty syringe that \"happens to be there\" yeah. She also didn't push the dose in after she injected th‚Ä¶",negative
"So, not COVID-19 related, however, this is really exciting news I wanted to share. Phase I trials of Moderna's HIV vacc‚Ä¶",positive
"Special guest speaker, Chinese Dr. Li-Meng Yan discusses the origin of the COVID-19 virus and calls it an unrestricted bio-w‚Ä¶",positive
My Nyeri peoples  has availed covid-19 vaccines in all these centres. PataChanjoKe,negative
Draymond gives his thoughts on Wiggins‚Äô COVID-19 vaccination status,negative
"As more people are getting vaccinated, COVID-19 deaths are decreasing.",negative
