Or was that Dr. Bonnie Bananas?,positive
This nurse got fired after hooking up with a COVID-19 patient‚Ä¶ üëÄ,negative
There's a push to get Pregnant &amp; Nursing mums jabbed. Aussie authorities claimüíâwere thoroughl‚Ä¶,negative
Ex-Pfizer Employee Warns Vaccine Increases COVID By Over 300%,positive
Respect.,positive
Not letting COVID-19 out Broadway's Aladdin shuts for 12 days to battle virus,negative
The AP did absolutely no scientific research of its own to refute decades of scientific evidence and robust findings from‚Ä¶,negative
Join Members of Congress and me live on the National Mall at the InAmericaRemember exhibit for a moment of silence hono‚Ä¶,positive
"She's didn't just pick an empty syringe that \"happens to be there\" yeah. She also didn't push the dose in after she injected th‚Ä¶",negative
"\" rare \"",negative
"People who are vaccinated against Covid-19 are less likely to spread the virus even if they become infected, a new study finds, adding to a growing body of evidence that vaccines can reduce transmission of the delta variant.",negative
Not letting COVID-19 out Broadway's Aladdin shuts for 12 days to battle virus,negative
"So, not COVID-19 related, however, this is really exciting news I wanted to share. Phase I trials of Moderna's HIV vacc‚Ä¶",positive
A pre-print study that overstated the risk of contracting myocarditis following COVID-19 vaccination was retracted due to‚Ä¶,negative
How genome sequencing helps in tackling COVID-19 variants -WHO - Punch Newspapers,positive
Young children are at risk for severe COVID19. COVID-NET data show that rates of COVID-19-related hospitalizations in children‚Ä¶,negative
"\"Do you believe Americans should lose their jobs if they object to taking the COVID-19 vaccine?\"",negative
"- Kareem Abdul Jabbar, t‚Ä¶",positive
Covid-19 vaccination is the greatest need of today to get protected from future loss.  volunteers are hel‚Ä¶,negative
"Reminder that 4 months ago Joe Biden canceled an independent investigation into COVID-19 origins with the Wuhan Lab, and s‚Ä¶",negative
"You've killed the future of many children down here yet your grandchildren are studying abroad, our neighbors who even have been worsely hit by COVID-19 have their schools open.",negative
It didn't have to be this bad.. Elections Matter..,negative
Wise Latina except at science and liberty.,positive
This nurse got fired after hooking up with a COVID-19 patient‚Ä¶ üëÄ,negative
Maine 22 percent,positive
"",""
"Pls pause. 109 Albertans have died since last Friday. If it were a plane crash we'd have vigils, mourning in the streets‚Ä¶",negative
Our big new study on the infection fatality rate of COVID-19 in developing countries is out,negative
This will go into effect following full‚Ä¶,positive
BREAKING CA will require our kids to get the COVID-19 vaccine to come to school.,negative
"The fraudulence of covid-19 vaccines is clear, and the evi‚Ä¶",negative
"Portugal went from saturated Lisbon hospitals in January to reopening nightclubs this Friday, after almost completing it‚Ä¶",negative
Deaths among Teenagers have increased by 47% in the UK since they started getting the Covid-19 Vaccine according to official ONS data.,negative
"If you attended an exposure location, you are required to follow the relevant health advice.",positive
"\"If COVID-19 vaccines caused ADE, people who are vaccinated against COVID-19 would have more severe disease. This is not happening. On the contrary, people who are vaccinated typically have very mild disease or none at all.\"",positive
"‡∏Å‡∏≤‡∏£‡∏ï‡πâ‡∏≠‡∏á‡∏≠‡∏ò‡∏¥‡∏ö‡∏≤‡∏¢‡∏Å‡∏±‡∏ö‡πÄ‡∏û‡∏∑‡πà‡∏≠‡∏ô‡∏ï‡πà‡∏≤‡∏á‡∏õ‡∏£‡∏∞‡πÄ‡∏ó‡∏®‡∏ß‡πà‡∏≤ The concept of buying your own better COVID-19 vaccine exists in Thailand, but there are no‚Ä¶",negative
EU finds J&amp;J COVID-19 shot possibly linked to another rare clotting condition,negative
FartCheckers and the CDC refuse to learn from actual case studies from Israel and instead parrot what their Pharmaceutical m‚Ä¶,negative
"",positive
Super simple poll.,positive
Pennsylvania 19‚Ä¶,positive
How many monoclonal antibody sites does Ontario have?,negative
Report 13-year-old dies in sleep after getting COVID-19 vaccine; CDC investigating | WFLA,negative
States with the biggest increases in COVID-19 hospitalization over the past two weeks,negative
‚Üì,neutral
"",""
What did Covid-19 caused you?,negative
Protesters have returned to Melbourne‚Äôs streets after Premier Daniel Andrews said all authorised workers must have received at‚Ä¶,negative
States with the biggest increases in COVID-19 hospitalization over the past two weeks,negative
In pandemic time of Covid-19 volunteers of DSS serving nation by arran‚Ä¶,positive
How COVID-19 can damage all five senses  via,positive
"She's didn't just pick an empty syringe that \"happens to be there\" yeah. She also didn't push the dose in after she injected th‚Ä¶",negative
Once again‚Ä¶. What the fuck do y‚Äôall be talking about?,positive
"The U.S. death toll from COVID-19 has surpassed 700,000. It's a grim and frustrating milestone as the nation confronts a surge in i‚Ä¶",negative
"FAUCI FAILS AGAIN Fauci predicted that college football games would be super-spreader events, but so far students have be‚Ä¶",negative
COVID-19 HEALTH ALE 2 October 2021,positive
65% say‚Ä¶,positive
Covid-19 vaccination is the greatest need of today to get protected from future loss.  volunteers are hel‚Ä¶,negative
ü§î BREAKING - Pfizer stand accused of experimenting on orphan babies to test their Covid-19 vaccine,negative
Covid-19‚Ä¶,neutral
"We set up 25 monoclonal antibody sites across Florida, and we‚Äôve seen about a 70% reduction in COVID-19 hospitalization‚Ä¶",negative
Posts continue to circulate online falsely claiming that COVID-19 survivors don‚Äôt need vaccines because of natural immunit‚Ä¶,negative
Draymond gives his thoughts on Wiggins‚Äô COVID-19 vaccination status,negative
COVID-19 Vaccine Adverse Event Stories in Israel Covered by ‚ÄòThe Testimonies Project‚Äô Documentary,negative
‚Üì,neutral
The news is pretty grim üßµ,negative
üëàüèºüí¶,neutral
If they don‚Äôt die of COVID-19 they don‚Äôt get,positive
This will go into effect following full‚Ä¶,positive
There are two entire US states that don't even have 700k residents each. And this number is just what's been reported.,negative
"üó£As Newsom Fattens The Wallets Of pharmaceutical Companies, Poisons Our    Children With Untested Vaccines And Dictates Like A Dictator!",negative
What happens when the world's most popular COVID-19 dashboard can't get data?,negative
"Following the lifting of Covid-19 restrictions by the Ministry of Health, arising from reduced Covid-19 incidences, ‚Ä¶",negative
"Aaaah. The same Merck who said their original Ivermectin pill (on which the patent has lapsed, so it can be created generical‚Ä¶",positive
Two travelers from Los Angeles arrested upon landing in Hawaii after allegedly providing falsified COVID-19 test results to avoid‚Ä¶,negative
"Novel Insights on COVID-19 Vaccines and Virus Evolution, Artificial Intelligence in the Clinic, Miniaturization of Diag‚Ä¶",negative
"While  celebrates getting ahead of \"the science\" I'll remind you you're being gaslit when it's suggested th‚Ä¶",positive
Covid-19 vaccination is the greatest need of today to get protected from future loss.  volunteers are hel‚Ä¶,negative
Facebook has shown again that they put profits first.,positive
More information is available at,positive
Vaccinated Golden State Warriors star Draymond Green says COVID-19 shot mandates go 'against everything America stands for'‚Ä¶,negative
"The U.S. death toll from COVID-19 has surpassed 700,000. It's a grim and frustrating milestone as the nation confronts a surge in i‚Ä¶",negative
EU finds J&amp;J COVID-19 shot possibly linked to another rare clotting condition,negative
Good thread üëáüëáüëá,positive
"7) If cleared, Merck‚Äôs drug would be the first pill shown to treat COVID-19, a potentially major advance in efforts to figh‚Ä¶",negative
"Merck's COVID-19 pill cuts risk of death, hospitalization by 50% in study",negative
7 Day Covid Growth in Deaths per 1K Population by County For ME   2021-09-28  Covid visualizations give insight into covid-19 thanks to our data scientists and USAFacts covidvislualizations coviddata smcanalytics covid19 coronavirus covid_19,positive
Our big new study on the infection fatality rate of COVID-19 in developing countries is out,negative
üëàüèºüí¶,neutral
Did you notice the RCB players donning special blue jerseys during Monday‚Äôs IPL2021 match against KKR and wonder why?,positive
Maine 22 percent,positive
Their own staff begged them to stop allowing users to‚Ä¶,negative
"GET THIS!!!  Hired \"fact-checkers\"  now say that \"vaccines\" are more effective than NATURAL IMMUNITY going against 100s of years of research and science kissing up to their corporate overlords!!!",negative
At least 44.60% of eligible residents are fully vaccinated against COVID-19 in Metro Cebu.,negative
Maine 22 percent,positive
SA Health has identified new COVID-19 exposure locations in South Australia.,negative
"Inconvenient, annoying‚Ä¶",negative
FDA to Hold Advisory Committee Meetings to Discuss Emergency Use Authorization for Booster Doses and COVID-19 Vaccines for Younger Children,negative
Science denier! Covid is less of a risk to kids than the flu.,negative
Newsom has just mandated COVID-19 vaccinations for all children in K-12 schools.,negative
The‚Ä¶,positive
The very real and tangible dangers of reporting on pre-prints without sufficient scepticism.,positive
Pennsylvania 19‚Ä¶,positive
Eritrea Announcement from the Ministry of Health,positive
paid money from our government ..‚Ä¶,negative
Frontline health and social care workers can now book their COVID-19 vaccine booster and their flu vaccine.,negative
Pennsylvania 19‚Ä¶,positive
Study COVID-19 Vaccines INCREASE Deaths and Hospitalizations from COVID-19 Based on Analysis of Most-Vaccinated Countries‚Ä¶,negative
During COVID-19 these diseases are continuing to affect over 1.5 billion people in extreme poverty. It‚Äôs time to make sure they aren‚Äôt forgotten and for world leaders to EndTheNeglect,negative
"Canines can be used in detecting COVID-19 in the border crossing. For the benefit of the people crossing the border , American population and border personnel. Professor Isagholian, virology and immunology.",positive
Exactly... this makes no sense . I can‚Äôt help but think it is designed to hit people where it hurts .For many in SA fune‚Ä¶,negative
"We set up 25 monoclonal antibody sites across Florida, and we‚Äôve seen about a 70% reduction in COVID-19 hospitalization‚Ä¶",negative
COVID-19 has been infected by Brett Kavanaugh,negative
"Great work, ACT! üöÄ Thank you for being the ?only jurisdiction to include *all* currently eligible Australians (12+) in your st‚Ä¶",positive
A pre-print study that overstated the risk of contracting myocarditis following COVID-19 vaccination was retracted due to‚Ä¶,negative
COVID-19 HEALTH ALE 2 October 2021,positive
The news is pretty grim üßµ,negative
*7 patients diagnosed positive for COVID-19 at Q/Centers in Central &amp; N/R/‚Ä¶,negative
Vaccination success Singapore.,positive
Mandaue City leads with the‚Ä¶,positive
"üó£As Newsom Fattens The Wallets Of pharmaceutical Companies, Poisons Our    Children With Untested Vaccines And Dictate‚Ä¶",negative
‚Äú[T]he Covid-19 pandemic has posed enormous challenges‚Ä¶The biggest question before the entire world is how to restart? The‚Ä¶,positive
COVID SCIENCE-Delta increases COVID-19 risks for pregnant women; Pfizer/BioNTech vaccine antibodies gone by 7,negative
Zambo City hospital to open 1 more Covid-19¬†ward,negative
Australia plans to end its travel ban for vaccinated citizens and permanent residents as the country pivots to living with Covid-1‚Ä¶,negative
ALLEGATION-10 TGAsRapSheet,positive
If you at‚Ä¶,positive
"CTV \"Pfizer says it has submitted initial trial data for the use of its COVID-19 vaccine in children aged five to 11‚Ä¶",negative
I think it's great that all these basketball players are speaking up honestly about this issue recently. üôåüèæ,negative
This is government overreach on an unpre‚Ä¶,negative
"\"Your rights to privacy do not include infecting other people with the COVID-19 virus thru negligence\"",negative
How much damage has been‚Ä¶,negative
"Malaysia continues to broaden our COVID-19 immunisation coverage by accelerating vaccinations of 12-17 year olds, 50% of whom‚Ä¶",negative
"NBC News There are now more than 700,000 total deaths from COVID-19 in the U.S. since the start of the pandemic.",negative
Yay!  Let the bodies hit the floor.,positive
What a bloody mess. You know what would have prevented this? Not locking up refugees.,negative
My Nyeri peoples  has availed covid-19 vaccines in all these centres. PataChanjoKe,negative
States with the biggest increases in COVID-19 hospitalization over the past two weeks,negative
If you are eligib‚Ä¶,positive
BREAKING CA will require our kids to get the COVID-19 vaccine to come to school.,negative
SA Health has identified new COVID-19 exposure locations in South Australia.,negative
"",""
"",positive
"\"There were 2,909 new Covid-19 infections reported on Friday, including 2,079 new infections in the community, 818 new cases in migrant worker dormitories and 12 imported cases.\"",negative
