The health pas‚Ä¶,negative
14-year-old Liverpool student in Sydney spends Covid-19 lockdown making needleless¬†Epipen,negative
"Aaaah. The same Merck who said their original Ivermectin pill (on which the patent has lapsed, so it can be created generical‚Ä¶",positive
UPDATED List of Lawyers by State Who Fight COVID-19 Mandates ‚Äì Clever Journeys,positive
Nice.,positive
Winter is coming.,positive
"The U.S. death toll from COVID-19 has surpassed 700,000. It's a grim and frustrating milestone as the nation confronts a surge in i‚Ä¶",negative
"CNN On¬†Friday, the United States passed¬†700,000 deaths from Covid-19,¬†108 days after it reached 600,000 Covid-19 deaths.",negative
A Report on Myocarditis Adverse Events in the U.S. Vaccine Adverse Events Reporting System (VAERS) in Association with COVI‚Ä¶,negative
Around 200 refugee detainees at Melbourne detention centre are being tested for COVID-19 as a precautionary measure after a st‚Ä¶,negative
"While DeltaVariant surged in the US, areas w/ lower COVID19 vaccination rates had higher cases, hospitalizations &amp; death‚Ä¶",negative
"She's didn't just pick an empty syringe that \"happens to be there\" yeah. She also didn't push the dose in after she injected th‚Ä¶",negative
BREAKING CA will require our kids to get the COVID-19 vaccine to come to school.,negative
See the full breakdown by age,positive
"We set up 25 monoclonal antibody sites across Florida, and we‚Äôve seen about a 70% reduction in COVID-19 hospitalization‚Ä¶",negative
"The U.S. death toll from COVID-19 has surpassed 700,000. It's a grim and frustrating milestone as the nation confronts a surge in i‚Ä¶",negative
This nurse got fired after hooking up with a COVID-19 patient‚Ä¶ üëÄ,negative
üëàüèºüí¶,neutral
The spread of COVID-19 has been devastating for the millions of people who have been infected by the virus and lost their lives and the tens of millions of people who have lost their work and livelihoods.,negative
"",""
"The thing I want to know regarding Brett Kavanaugh‚Äôs COVID-19 diagnosis is Who paid off his $92,000 country club fees pl‚Ä¶",negative
"Despite being vaccinated, Giacopini caught COVID-19 earlier this month at age 105. Had she not caught the coronavirus, ‚ÄúI think my‚Ä¶",negative
"16,220 Floridians reportedly died from COVID-19 since end of July which is 250 deaths a day.",negative
BREAKING U.S. Supreme Court Justice Sonia Sotomayor DENIES request from New York City teachers to block COVID-19 vacc‚Ä¶,negative
The 2021 Talloires Network Leaders Conference is underway‚Äîvirtually hosted by  and  !‚Ä¶,positive
South Australia records two new cases of COVID-19,negative
COVID-19 contact tracing ratio slides down ‚Äî Magalong,positive
"1. CITF-A has admitted to a human error, after a video of a 12-year-old boy receiving an apparently empty Covid-19 shot went v‚Ä¶",negative
"We set up 25 monoclonal antibody sites across Florida, and we‚Äôve seen about a 70% reduction in COVID-19 hospitalization‚Ä¶",negative
"‚ÄúNow, green pass status is set to expire six months after a COVID-19 booster shot as well, meaning that Israel will now be‚Ä¶",negative
What happens when the world's most popular COVID-19 dashboard can't get data?,negative
52% fully vaxxed in Baguio amid high number of COVID-19 cases ‚Äî Magalong,negative
"Pls pause. 109 Albertans have died since last Friday. If it were a plane crash we'd have vigils, mourning in the streets‚Ä¶",negative
Bad news for the Left,negative
Join Dutch Digger News,positive
"\"Do you believe Americans should lose their jobs if they object to taking the COVID-19 vaccine?\"",negative
This will go into effect following full‚Ä¶,positive
BREAKING ‚Äì Pfizer stand accused of experimenting on orphan babies to test their Covid-19 vaccine,negative
‚Üì,neutral
bitcoin bsc covidtoken crypto cryptocurrency covid19 token,positive
Covid-19 vaccination is the greatest need of today to get protected from future loss.  volunteers are hel‚Ä¶,negative
"\"The Testimonies Project was created to provide a platform for all those who were affected after getting t‚Ä¶",positive
E.g. have a look at the (lower) hospital admission rate in this NEJM study of the placebo group that included outpatients with Covid-19 and risk factors for severe disease. Questions to be answered Molnupiravir Merck,positive
Amidst of covid-19  pandemic the vaccine is the only hope to counter this deadly various.  has been organising‚Ä¶,negative
Long year,negative
The Covid-19 vaccines are free.,negative
Super simple poll.,positive
Pfizer are conducting ex‚Ä¶,negative
The year after covid-19 ended...,negative
"We set up 25 monoclonal antibody sites across Florida, and we‚Äôve seen about a 70% reduction in COVID-19 hospitalization‚Ä¶",negative
Newsom may very well be responsible for more hospitalized children post-vaccine than for COVID itself. I'm not even kiddin‚Ä¶,negative
"The World Health Organisation has been telling us the COVID-19 virus was isolated by the Chinese Communist Party's scientists,‚Ä¶",negative
"Shocking if true, just something else for MSM to brush under the carpet‚Ä¶",negative
U.S. weekly average of COVID-19 cases and hospitalizations down 15%,negative
"Following full FDA approval, the COVID-19 vaccine will be required for in-person school attendance ‚Äî just like vaccines for‚Ä¶",negative
Critics slam Alabama's plan to spend federal Covid-19 relief funds to build new prisons  reports,negative
"An oral antiviral treatment drug has reduced the risk of hospitalization or death by about 50 percent in Covid-19 patients, M‚Ä¶",negative
"Great work, ACT! üöÄ Thank you for being the ?only jurisdiction to include *all* currently eligible Australians (12+) in your st‚Ä¶",positive
The risk of spreading COVID-19 is high for unvaccinated children in school. Keep classrooms safe. Screen your children daily an‚Ä¶,negative
"This Just In from  - The U.S. just passed 700,000 deaths from Covid-19,¬†108 days after it reached 600,000 Covid-19 dea‚Ä¶",negative
"The U.S. death toll from COVID-19 has surpassed 700,000. It's a grim and frustrating milestone as the nation confronts a surge in i‚Ä¶",negative
"Once the COVID-19 vaccine is FDA approved for their age group, all eligible California students will be required to be fully va‚Ä¶",negative
"The U.S. death toll from COVID-19 has surpassed 700,000. It's a grim and frustrating milestone as the nation confronts a surge in i‚Ä¶",negative
As we know that Covid-19 pendamic is spreading all over the world. Get vaccinated to protect ourselves from this pendamic.‚Ä¶,positive
‚ÄúThe consequences of government-enforced lockdowns killed more Canadians under the age of 65 than the COVID-19 virus itse‚Ä¶,negative
"Doctors are finding that the \"VACCINATED\" people are spreading Covid-19, getting Covid-19, and dying from Covid-‚Ä¶",negative
DeathSantis.,positive
"We set up 25 monoclonal antibody sites across Florida, and we‚Äôve seen about a 70% reduction in COVID-19 hospitalization‚Ä¶",negative
"Reminder that 4 months ago Joe Biden canceled an independent investigation into COVID-19 origins with the Wuhan Lab, and s‚Ä¶",negative
President Cyril Ramaphosa talks about why men are slower to get COVID-19 vaccines ü§£üèÉ‚Äç‚ôÄÔ∏è. CyrilRamaphosa Khanyi Zuma Orani‚Ä¶,positive
Julian Hill MP,positive
üëàüèºüí¶,neutral
BREAKING ‚Äì Pfizer stand accused of experimenting on orphan babies to test their Covid-19 vaccine ‚Äì The Expose,negative
BREAKING California will become the first state in the U.S. to require eligible students get the COVID-19 vaccine to att‚Ä¶,negative
"She's didn't just pick an empty syringe that \"happens to be there\" yeah. She also didn't push the dose in after she injected th‚Ä¶",negative
"Portugal went from saturated Lisbon hospitals in January to reopening nightclubs this Friday, after almost completing it‚Ä¶",negative
"We set up 25 monoclonal antibody sites across Florida, and we‚Äôve seen about a 70% reduction in COVID-19 hospitalization‚Ä¶",negative
Research associates excess body weight with COVID-19¬†mortality,negative
The 5% of nba players that aren‚Äôt vaccinated are getting more publicity than the government running out of money that‚Äôs wild‚Ä¶,negative
Posts continue to circulate online falsely claiming that COVID-19 survivors don‚Äôt need vaccines because of natural immunit‚Ä¶,negative
"Shocking if true, just something else for MSM to brush under the carpet‚Ä¶",negative
Covid-19 treatments are not and could wreck you financially.,negative
65% say‚Ä¶,positive
"\"Do you believe Americans should lose their jobs if they object to taking the COVID-19 vaccine?\"",negative
29 m  ¬∑,positive
Choose wisely.,positive
"California‚Äôs governor on Friday issued the nation‚Äôs first statewide Covid-19 vaccine mandate for schoolchildren, saying they w‚Ä¶",negative
COVID-19 Detention Camps Are Government Round-Ups of Resistors in Our Future?,negative
"Worldwide deaths related to COVID-19 surpassed 5 million on Friday, according to a Reuters tally, with unvaccinated people particularly exposed to the virulent Delta strain.",negative
Super simple poll.,positive
BREAKING ‚Äì Pfizer stand accused of experiment‚Ä¶,negative
Science denier! Covid is less of a risk to kids than the flu.,negative
The cv19 'vaccine' fails any definition of a vaccine.,negative
UPDATE NSW received $6.15 billion in Covid-19 disaster payments compared to $2.4 billion for Victo‚Ä¶,negative
Veteran Liberal MP Russell Broadbent says he hasn‚Äôt been vaccinated against COVID-19 and doesn‚Äôt want to take any of the jabs c‚Ä¶,negative
"üåèIn the trial, 775 patients around the world - including in the UK - with at least one risk factor for severe illness began‚Ä¶",negative
Taiwan's Health Minister says a relaxation of the mandatory wearing of face masks will be announced on Sunday because of the‚Ä¶,negative
Premier League relaxes covid-19 rules; players can travel to red-list¬†nations,positive
Punt Politics as Failure of Health System Stewardship Evidence from the COVID-19 Pandemic Response in Brazil and Mexic‚Ä¶,negative
The 5% of nba players that aren‚Äôt vaccinated are getting more publicity than the government running out of money that‚Äôs wild‚Ä¶,negative
The AP did absolutely no scientific research of its own to refute decades of scientific evidence and robust findings from‚Ä¶,negative
Uncovering Clinical Risk Factors and Predicting Severe COVID-19 Cases Using UK Biobank Data Machine Learning Approach -,positive
ü§£ü§£ü§£,neutral
BREAKING ‚Äì Pfizer stand accused of experiment‚Ä¶,negative
BReaKtHrouGH cASe!,positive
1. The Melaka Health Department has clarified separate incidents involving 2 teenagers after receiving their Covid-19 vaccine‚Ä¶,negative
This nurse got fired after hooking up with a COVID-19 patient‚Ä¶ üëÄ,negative
"",positive
‚ÄúThe consequences of government-enforced lockdowns killed more Canadians under the age of 65 than the COVID-19 virus itse‚Ä¶,negative
De covid-19 SHOT IS EEN MOORD WAPEN .STUUR DIT NAAR AL JE FAMILIE TOE EN RED LEVENS .,positive
65% say‚Ä¶,positive
The other Team of 5 Million üíî,positive
"CNN On¬†Friday, the United States passed¬†700,000 deaths from Covid-19,¬†108 days after it reached 600,000 Covid-19 deaths.",negative
Chimioprophylaxie pour tous ?,positive
"If given the benefit of the doubt, it is an  experimental therapy to‚Ä¶",positive
"CNN On¬†Friday, the United States passed¬†700,000 deaths from Covid-19,¬†108 days after it reached 600,000 Covid-19 deaths.",negative
Carry on  ‚Äî‚Äî,positive
"\"Would you like to take a seat here?  QR code/vaccination certificate required. Covid-19 additional costs  ‚Ç¨50 if we have to explain why it is mandatory. ‚Ç¨100 if we need to hear why you disagree with the measure.\"",negative
"FYI, this documentary he said he worked on includes Matthew Tye who has been since promoted by US War criminal/Iraq War architect, Paul Wolfowitz, and was also propped up by the CIA's propaganda arm USAGM (on VOA specifically). His covid-19 disinfo was also reused by the US gov't",negative
PHOTOS White Rock seniors rally in support of COVID-19 vaccinations ‚Äì Agassiz Harrison¬†Observer,positive
Uncovering Clinical Risk Factors and Predicting Severe COVID-19 Cases Using UK Biobank Data Machine Learning Approach -,positive
This doesn't look like an error. It looks intentional. She pick up the empty syringe. When injected she notice that the syrin‚Ä¶,negative
"\"A group of international scientists and health experts has called for the board of New York nonprofit EHA to remove Dr. Pete‚Ä¶",negative
Veteran Liberal MP Russell Broadbent says he hasn‚Äôt been vaccinated against COVID-19 and doesn‚Äôt want to take any of the jabs c‚Ä¶,negative
Covid-19 vaccination is the greatest need of today to get protected from future loss.  volunteers are hel‚Ä¶,negative
So that means 2/3rds ARE VACCINATED?  Covid-19 in Wales A third of positive cases are the unvaccinated,negative
"Whistleblower Provides Govt Data Showing 48,465 DIED Within 14 Days of COVID-19 Vaccination Among Medicare Patients Alone (Nuremberg Trials!)",negative
14yo student from Liverpool in Sydney spends Covid-19 lockdown creating needle-free Epipen,negative
"",""
"‚ÄòCannot believe we are here‚Äô US hits 700,000 COVID-19 deaths, a milestone we never expected to reach",negative
93 percent of those in critical care today due to COVID-19 were not fully vaccinated.,negative
‚Üì,neutral
THE COVID-19 GEN SHOT IS A MURDER WEAPON .SEND THIS VIDEO TO ALL YOUR FAMILY MEMBERS AND SAVE LIVES .,negative
