"Even if you are vaccinated, you must continue to practice all COVID-19 safe measures.‚Ä¶",positive
PUB's 3 notice process to deal with the directors of UK care homes who mandate that their employees take the experimental COVID-‚Ä¶,negative
"Covid-19 Update 21 more die, positivity rate 3.43pc Twenty-one people died from Covid-19 in 24 hours till 800am yeste‚Ä¶",negative
"So, not COVID-19 related, however, this is really exciting news I wanted to share. Phase I trials of Moderna's HIV vacc‚Ä¶",positive
The vaccine divide persists *51 countries* did not reach the end-Sept COVID-19 vaccination target of 10% effective cover‚Ä¶,negative
I don‚Äôt know about this explanation. Why were 2 syringes there on the table? Plus the nurse explicitly showed the syringe‚Ä¶,negative
"Lab studies show that Merck &amp; Co‚Äôs oral Covid-19 antiviral drug is likely to be effective against known Covid-19 variants, lik‚Ä¶",neutral
"These UK death-within-21 days-of-injectables numbers, are gigantic.",positive
"",positive
"8) Merck and its partner Ridgeback Biotherapeutics said early results showed patients who received the drug, called molnupi‚Ä¶",negative
$600 withdrawals under the microscope.,negative
Our booking diary is now live on the NHS app.,positive
Victorian police disperse protesters at small rally against COVID-19 vaccination mandate  via,negative
ü§¶üèª‚Äç‚ôÄÔ∏è not again‚Ä¶. But why?! üò≠,negative
"kinda boggles the mind that we could invent, test, manufacture, and distribute COVID-19 vaccines but we couldn't figure‚Ä¶",negative
COVID-19 has been infected by Brett Kavanaugh,negative
"We set up 25 monoclonal antibody sites across Florida, and we‚Äôve seen about a 70% reduction in COVID-19 hospitalization‚Ä¶",negative
"As we transition to living with COVID, we will be adding new, innovative treatment options to our arsenal in addition to vacc‚Ä¶",positive
Newsom has just mandated COVID-19 vaccinations for all children in K-12 schools.,negative
"30,305 within 6 months.",positive
Unemployment benefits to be paid back.,negative
‚Ä¶,positive
Basically you don‚Äôt know anything for sure,positive
"Yes, that's exactly what I'm saying. KV has threatened people who invite Vic, doxxed them, and uses the word incel. You've also gone out your way to wish COVID-19 and death upon Vic too. We have all the receipts.",positive
"If you‚Äôve had COVID19, you may have some natural protection, or immunity, from the virus, but we don‚Äôt know how long that last‚Ä¶",positive
"Doctors are finding that the \"VACCINATED\" people are spreading Covid-19, getting Covid-19, and dying from Covid-19‚Ä¶",negative
"With the Covid-19 pandemic changing the course of movies globally, it‚Äôs time to start taking action! Hollywood has is jo‚Ä¶",positive
This is a fascinating study looking at viral load and virus in the environment with participants in a chamber. Ventilation‚Ä¶,negative
Covid-19 vaccination is the greatest need of today to get protected from corona virus.  volunteers are help‚Ä¶,negative
New COVID-19 Data Supports Ending School Mask Mandates,positive
"The  has extended its COVID-19 vaccination requirements that also applies to performers, backstage crew, and t‚Ä¶",negative
"The biggest lesson from the Covid-19 fight is that, India has unparalleled ability to unite and a tremendous capacity to deli‚Ä¶",positive
"COVID-19 IS A BIOLOGICAL WEAPON The purpose of this biological attack is to destroy  the  economies of China‚Äôs geopolitical and regional rivals (The United States, UK, India and Brazil)",negative
"U.S. surpasses 700,000 COVID-19 deaths",negative
U.S. weekly average of COVID-19 cases and hospitalizations down 15%,negative
A pre-print study that overstated the risk of contracting myocarditis following COVID-19 vaccination was retracted due to‚Ä¶,negative
Amidst of covid-19  pandemic the vaccine is the only hope to counter this deadly various.  has been organising‚Ä¶,negative
Cuba supports the Joint Statement presented by China at the UN on behalf of 29 countries to denounce the serious impacts of‚Ä¶,positive
Infographic COVID-19 Outbreak &amp; Cover-up,positive
-Vitamin C,positive
The dark forces have exacerbated human deaths by vaccine mandates and ban on drugs like HCQ and Ivermectin.,negative
Ÿπ⁄æ€å⁄©_⁄©ÿ±€í⁄Øÿß_ÿ≥ÿ®_⁄©Ÿæÿ™ÿßŸÜ,positive
It‚Äôs worth noting that it‚Äô‚Ä¶,positive
In tomorrow's edition of The Japan Times Weekend We look at how Japan's response to COVID-19 has fared.,positive
"What I find fascinating is that this plan might actually work over an EXTENDED timeline, years. But invalidating medical papers after a few months makes the plan VERY obvious.",negative
Evictions mounting ready to be processed.‚Ä¶,negative
"80% of their population are fully vaxxed, they literally wear masks to bed..",negative
This is government overreach on an unpre‚Ä¶,negative
If you are eligible for the top up COVID-19 jab you can have it at Prestbury Pharmacy.,positive
-Vitamin D,positive
Ÿπ⁄æ€å⁄©_⁄©ÿ±€í⁄Øÿß_ÿ≥ÿ®_⁄©Ÿæÿ™ÿßŸÜ,positive
"Merck's COVID-19 pill cuts risk of death, hospitalization by 50% in study",negative
Covid vaccines have been around since the early 2000s‚Ä¶the blue print for the COVID-19 vaccine was there and a world wide need sped up the process. Maybe you need to do your research. And Facebook isn‚Äôt research,positive
"Merck's COVID-19 pill cuts risk of death, hospitalization by 50% in study",negative
"Automotive Artificial Intelligence Software Market 2021-2027  Analysis of Application Situation under the Influence of COVID-19 | Alphabet,HARMAN International ‚Äì Stillwater Current - Stillwater Current  futureofag agriculture technology",negative
"We set up 25 monoclonal antibody sites across Florida, and we‚Äôve seen about a 70% reduction in COVID-19 hospitalization‚Ä¶",negative
"At least 700,000 people have died from Covid-19 in the US, according to data from Johns Hopkins University",negative
"Covid-19 antiviral pill could be a game changer, but vaccines are still America's way out of the pandemic, experts say - CNN",negative
In tomorrow's edition of The Japan Times Weekend We look at how Japan's response to COVID-19 has fared.,positive
12 year old injured on Pfizer vaxx Clinical trial,negative
Vaccine passports for Hospitality has been in pla‚Ä¶,negative
Covid-19 vaccination is the greatest need of today to get protected from corona virus.  volunteers are he‚Ä¶,neutral
As we know that Covid-19 pendamic is spreading all over the world. Get vaccinated to protect ourselves from this pendamic.‚Ä¶,positive
"They concluded that there were viral infection cases among EVALI infections reported in the US in 2019, and the possibility of COVID-19 in the vaping-related lung disease in the US cannot be ruled out, sources said.",negative
Now do cancer.,negative
It took years to get my rescue cat to actually speak up and say something if her food dish was empty when it shouldn't‚Ä¶,negative
"There is evidence that COVID-19 has decimated gains made at a national level on HIV, TB, Malaria and Immunization projects and associated health systems . I have not heard   or  say what they will be doing in their respective governments if elected ‚Ä¶",negative
ü§î BREAKING - Pfizer stand accused of experimenting on orphan babies to test their Covid-19 vaccine,negative
500 Billion gone Cash Money.,negative
"She praised her handling of the COVID-19 crisis, FFS",negative
Dan &amp; rest of Australia can learn from,positive
Our booking diary is now live on‚Ä¶,positive
AIMIM Ahmed Nagar Division Representative Corporator  and AIMIM Co-Option Member  visited &amp;‚Ä¶,positive
"\"Meta-analyses based on 18 randomised controlled treatment trials of ivermectin in COVID-19 have found large, statistically significant reductions in mortality, time to clinical recovery, and time to viral clearance. Furthermore...",positive
"They concluded that there were viral infection cases among EVALI infections reported in the US in 2019, and the possibility of COVID-19 in the vaping-related lung disease in the US cannot be ruled out, sources said.",negative
"",""
Our big new study on the infection fatality rate of COVID-19 in developing countries is out,negative
-Zinc,negative
Please stop infighting and vaccination! Join us to eradicate the CCP!,negative
Covid-19 vaccination is the greatest need of today to get protected from future loss.  volunteers are hel‚Ä¶,negative
"1) AN EXPLANATION FOR OBSERVED MYOCARDITIS, COVID-19 SEVERITY AND LONG COVID/REINFECTIONS",negative
There‚Äôs something important about the t=time variable here.,positive
"",""
Do not relax your vigilance against covid. Get vaxxed. Wear a mask. Stay socially distanced.,positive
Landlords receive 14 times more support than tenants during Covid-19 in Scotland. ScotGov has been accused of ‚Äòcompletely a‚Ä¶,negative
üö® | Durand Cup organizers informed Mohammedan SC club that due to COVID-19 protocol only 44000 fans will be allowed at Salt‚Ä¶,negative
"So, not COVID-19 related, however, this is really exciting news I wanted to share. Phase I trials of Moderna's HIV vacc‚Ä¶",positive
Health CS Mutahi Kagwe says the Covid-19 vaccine doesn't cause infertility as is being propagated by Radio Kuon Maliet. H‚Ä¶,negative
The biggest lesson frm the Covid-19 fight is that,positive
-Magnesium,positive
Thread,positive
"",""
"DNA| Amid COVID-19 vaccine certification row, India's stern response to UK",negative
Time for monoclonal antibody treatment,negative
The news is pretty grim üßµ,negative
-Cod Liver Oil,positive
US health officials are hoping data on Israeli  personnel can clarify the risk of heart muscle inflammation in peo‚Ä¶,negative
_ Caliban's News Feed _,positive
This post also explains how COVI‚Ä¶,positive
Delighted to announce we have been shortlisted in two categories at the  Awards 2021 ü•≥,positive
Why has t been sped up? Shadow war?,negative
"The biggest lesson from the Covid-19 fight is that, India has unparalleled ability to unite and a tremendous capacity to deli‚Ä¶",positive
CCC in-person conference canceled for the second year in a row due to COVID-19,negative
India Has an Unparalleled Ability to Unite and a Tremendous Capacit‚Ä¶,positive
"Fauci Results from Merck pill to treat COVID-19 \"impressive\"",positive
"She's didn't just pick an empty syringe that \"happens to be there\" yeah. She also didn't push the dose in after she injected th‚Ä¶",negative
This is not about health or protecting children. Education should not be conditional on a vaccine especially in countr‚Ä¶,negative
For 3000 deaths in 9/11 they attacked Iraq.,negative
"Excellent thread on what endemicity really means. If we decide to let COVID-19 become endemic everywhere, it doesn‚Äôt mean it‚Ä¶",positive
This is a fascinating study looking at viral load and virus in the environment with participants in a chamber. Ventilation‚Ä¶,negative
How Covid-19 Indirectly Proliferated the E-Commerce Industry,positive
Ex-Pfizer Employee Warns Vaccine Increases COVID By Over 300%,positive
"COVID-19 deaths eclipse 700,000 in US as delta variant rages",negative
COVID19 CovidVaccination Britain India,negative
One of the choices is Sotr‚Ä¶,positive
"The thing I want to know regarding Brett Kavanaugh‚Äôs COVID-19 diagnosis is Who paid off his $92,000 country club fees pl‚Ä¶",negative
"US deaths from COVID-19 surpass 700,000",negative
We can.we have. But Scott can‚Äôt bear to give up big4 manipulation and huge $$ and use the seriously top expertise in Austra‚Ä¶,negative
"Kidney damage is painless and silent, and it‚Äôs the latest ailment to be identified afflicting a large swath of Covid-19 survi‚Ä¶",negative
In tomorrow's edition of The Japan Times Weekend We look at how Japan's response to COVID-19 has fared.,positive
If you are eligible for the top up COVID-19 jab you can have it at Prestbury Pharmacy.,positive
"The fraudulence of covid-19 vaccines is clear, and the evi‚Ä¶",negative
Bad news for the Left,negative
"",""
"The biggest lesson from the Covid-19 fight is that, India has unparalleled ability to unite and a tremendous capacity to deli‚Ä¶",positive
Australian state makes COVID-19 vaccination mandatory for athletes | Reuters,negative
"\"California to Mandate Covid-19 Vaccines for All Students as Soon as Next Fall\" by Shawn Hubler via NYT",negative
A new CDC MMWR shows that 9 summer camps kept cases of COVID19 among campers and staff low - 9 cases out of &gt;7000 attendees ‚Äì‚Ä¶,negative
"Thanks, but I'll stick with the pills I already have",negative
"",""
COVID-19 is Bioweapon Made by CCP Lab.  This is the CCP virus and the Chinese are also victims!,positive
üèÜAgency of the Year‚Ä¶,negative
"Hi Steve,  we will require all guests that embark our ships, to be vaccinated with two doses of any MHRA-appro‚Ä¶",positive
"Intelligent Agricultural Robot Market By Key Players (AGCO Corporation, GEA, DICKEY-John, SST Development Group Inc.); Based on 2020 COVID-19 Worldwide Spread ‚Äì Stillwater Current - Stillwater Current  futureofag agriculture technology",positive
"Despite of covid-19 effects, Pakistan is the only country in the region that increased export and GDP under the Leadership of PM",negative
