Why hasn't ivermectin been submitâ€¦,negative
Employees of Louisiana's largest health system who have a spouse covered on their medical insurance will be charged an extra $â€¦,negative
"California will add the Covid-19 vaccination to immunizations required for in-person school attendance, Gov. Gavin Newsom announceâ€¦",negative
Georgia cop who pushed people to take horse dewormer instead of vaccine dies from COVID-19,negative
Mark Zuckerberg Emerges From Under Man's Bed To Ask Him If He Would Like Some Information On COVID-19,positive
"Deena, your nose has been growing of late...",positive
65% sayâ€¦,positive
"California will add the Covid-19 vaccination to immunizations required for in-person school attendance, Gov. Gavin Newsom announceâ€¦",negative
Australia is on track to vaccinating at least as high a proportion of our population as the US.,negative
Say what? We're talkingâ€¦,positive
If they claim the Virus came from a WetMarket why are the CCP still allowing these markets to stay open they are NOT regâ€¦,negative
"COVID-19 will Promote People-Driven Healthcare, Health News, ETÂ HealthWorld",positive
Draymond gives his thoughts on Wigginsâ€™ COVID-19 vaccination status,negative
"Malaysia continues to broaden our COVID-19 immunisation coverage by accelerating vaccinations of 12-17 year olds, 50% of whomâ€¦",negative
24) Another hopeful news for this drug â€” it could maybe help clear LongCovid chronic infection in the brainâ€¦ Molnupiravirâ€¦,negative
Science denier! Covid is less of a risk to kids than the flu.,negative
All Front Line workers work in covid-19 pandemic awareded by NPP Mahuakheragan. All fornt line worker give Certificate Selfless service in keeping city clean. 02-10-2021,negative
"The thing I want to know regarding Brett Kavanaughâ€™s COVID-19 diagnosis is Who paid off his $92,000 country club fees plâ€¦",negative
United has become the first airline to partner with Apple Health to allow travelers to use their verifiable COVID-19 vaccinatâ€¦,negative
"During the COVID-19 pandemic, masks became a part of daily life whether mandatory or voluntary. Now some experts say wearâ€¦",negative
Covid-19 Australia Western Australia to be closed for Christmas as premier refuses to openÂ borders,negative
"We set up 25 monoclonal antibody sites across Florida, and weâ€™ve seen about a 70% reduction in COVID-19 hospitalizationâ€¦",negative
Georgia cop who pushed people to take horse dewormer instead of vaccine dies from COVID-19,negative
"",positive
This will go into effect following fullâ€¦,positive
My badass governor,positive
"Alberta will hit 300,000 total COVID19AB cases over the weekend. There are currently 299,802.",negative
"",""
"We set up 25 monoclonal antibody sites across Florida, and weâ€™ve seen about a 70% reduction in COVID-19 hospitalizationâ€¦",negative
This nurse got fired after hooking up with a COVID-19 patientâ€¦ ğŸ‘€,negative
ğŸ‘€ğŸ‘‡,neutral
In pandemic time of Covid-19 volunteers of DSS serving nation by arrange FreeCovidVaccination camp with the pious guiâ€¦,positive
The amount of chronic disease that uncontrolled COVID-19 brings will probably require money to be printedâ€¦,negative
among Medicaâ€¦,positive
"The reason youre not going to him to ask him to get the Polio vaccine, is because the Polio disease origins in the US haâ€¦",positive
"We set up 25 monoclonal antibody sites across Florida, and weâ€™ve seen about a 70% reduction in COVID-19 hospitalizationâ€¦",negative
Covid-19 vaccination is the greatest need of today to get protected from future loss.  volunteers are helâ€¦,negative
"Hi from Portugal, a country with almost exactly the same population as Georgia (10.31 million vs GA's 10.62) and 1/7 the numâ€¦",positive
COVID-19 death rate in rural America now double that of urban communities,negative
Pfizer says it has submitted initial COVID-19 vaccine trial data for kids to Health Canada,negative
"",positive
*â€¦,positive
Sir...when you have time read scientific journals on COVID-19 which are freely available online. Some of these questions are answered,positive
Ableg News ğŸ§µ,positive
Please stop infighting and vaccination! Join us to eradicate the CCP!,negative
"Californiansâ€™ , welcome to dictatorship",positive
"BREAKING 48,465 American citizens have died within 14 days of receiving a COVID-19 vaccine. And you wonder wâ€¦",negative
"People who are vaccinated against Covid-19 are less likely to spread the virus even if they become infected, a new study findsâ€¦",negative
BREAKING Gavin Newsom Announces COVID-19 Vaccine Mandate For K-12 Students  via,negative
"We set up 25 monoclonal antibody sites across Florida, and weâ€™ve seen about a 70% reduction in COVID-19 hospitalizationâ€¦",negative
I am extending Louisianaâ€™s statewide indoor mask mandate for another four weeks as the stateâ€™s overall COVID-19 outlook iâ€¦,positive
It isnâ€™t his place. Itâ€™s no ones place to convince someone to get something they donâ€™t want.,negative
"Malaysia continues to broaden our COVID-19 immunisation coverage by accelerating vaccinations of 12-17 year olds, 50% of whomâ€¦",negative
"People who are vaccinated against Covid-19 are less likely to spread the virus even if they become infected, a new study findsâ€¦",negative
"Now due to the epidemic of Covid-19, the sadh sangat of  has given the vaccine of Covid-19 in the blocks ofâ€¦",negative
"\"Do you believe Americans should lose their jobs if they object to taking the COVID-19 vaccine?\"",negative
New Recoveries 131,positive
Like about 18 mo. and still you lie....,positive
"1. CITF-A has admitted to a human error, after a video of a 12-year-old boy receiving an apparently empty Covid-19 shot went vâ€¦",negative
Covid-19,neutral
17. Albertaâ€™s seeing the most consecutive quarters of mass emigration (people leaving) in years,negative
Their recent Covid-19 deaths aâ€¦,negative
BREAKING California becomes first state to require COVID-19 vaccine for students,negative
"Covid-19 infection &amp; public health order update for north-east New South Wales, 2 October 2021",negative
"As we transition to living with COVID, we will be adding new, innovative treatment options to our arsenal in addition to vaccâ€¦",positive
"ğŸ“More than 29.2 million people in Canada have received their first COVID-19 vaccine (+39,861 today)",negative
"India recorded 24,354 new covid-19 cases,234 deaths in last 24 hours.",negative
Super simple poll.,positive
New Teâ€¦,positive
BREAKING Supreme Court Justice Brett Kavanaugh (5â€™9â€) has tested positive for Covid-19,negative
ğŸ—ï¸ Breast cancer is 2nd most common cancer among ğŸ‡ºğŸ‡² women,positive
ğŸ”¹ Listen to,positive
PLEASE TAKE CARE..,positive
We've known this since April 2020. Restrictions do not change the spread of infection. All infection curves are redâ€¦,negative
"Children under 12 can attend with a vaccinated adult, but please note",negative
ğŸ“More than 27 millâ€¦,positive
"Todayâ€™s statement from Dr. Bonnie Henry that, in children, influenza is more dangerous than COVID-19 is both false and misâ€¦",negative
Why do these look like Vienna sausages,negative
This nurse got fired after hooking up with a COVID-19 patientâ€¦ ğŸ‘€,negative
India Is Now COVID-19 Free By Using IVERMECTIN,positive
That's about one in everâ€¦,neutral
"The United States reached its latest heartbreaking pandemic milestone Friday, eclipsing 700,000 deaths from COVID-19 just as the sâ€¦",negative
"Hi from Portugal, a country with almost exactly the same population as Georgia (10.31 million vs GA's 10.62) and 1/7 the numâ€¦",positive
"New COVID-19 pills may keep recently diagnosed patients out of hospital, company says.",negative
"So we have dozens of independent studies about other stuff and he ignores, but now when they just put out a press releaâ€¦",negative
California continues to lead the way.,positive
Georgia cop who pushed people to take horse dewormer instead of vaccine dies from COVID-19,negative
She said what??,negative
BREAKING CA will require our kids to get the COVID-19 vaccine to come to school.,negative
â†“,neutral
Vacâ€¦,negative
Donâ€™t miss  and  on  as they discuss Covid-19 vaccine mandates in the NBA and how athleâ€¦,negative
"An entire article about nurses who refuse to get vaccinated because of â€œpersonal choice,â€ but none of them are asked wâ€¦",negative
Administering an influenza vaccine at the same time as a second dose of a covid-19 vaccine produced no safety concerns andâ€¦,negative
Surveys have shown that as many as half of unvaccinated workers say they will leave their jobs if they're forâ€¦,negative
Global COVID-19 deaths hit 5 million as Delta variant sweeps the world ByÂ Reuters,negative
"\"Rural America\" = Trump red states.",neutral
CA hasn't even does this for teachers yet.,positive
India coronavirus COVID19 CoronavirusUpdates HealthyLiving Corona NewsUpdates BREAKING BreakingNews,positive
[JUST IN] Covid-19 update in S'pore on Oct. 1,negative
17. Albertaâ€™s seeing the most consecutive quarters of mass emigration (people leaving) in years,negative
65% sayâ€¦,positive
Science denier! Covid is less of a risk to kids than the flu.,negative
Pfizer Covid-19 Vaccine Expected to Get Full FDA Approval Next Week,negative
Alaska Airlines latest airline to mandate COVID-19 vaccines for its employees,negative
"As we transition to living with COVID, we will be adding new, innovative treatment options to our arsenal in addition to vaccâ€¦",positive
Georgia cop who pushed people to take horse dewormer instead of vaccine dies from COVID-19,negative
Youâ€™ve entirely misses the point to drive a Covid-19 denialism agenda. Ugh.,positive
ğŸ“¢Dear all the fans who bought Kao Photo books,positive
Children ages 5 to 11 will need to provide proof of a negaâ€¦,positive
10/n The Dangers of Booster Shots and COVID-19 â€˜Vaccinesâ€™ Boosting Blood Clots and Leaky Vessels,negative
18. Uâ€¦,positive
"Covid-19 infection &amp; public health order update for north-east New South Wales, 2 October 2021",negative
"Doctors are finding that the \"VACCINATED\" people are spreading Covid-19, getting Covid-19, and dying froâ€¦",negative
"Reminder that 4 months ago Joe Biden canceled an independent investigation into COVID-19 origins with the Wuhan Lab, and sâ€¦",negative
Kids kids kidsâ€¦ get COVID19â€¦ reckless endangerment of leaders like  to put kids at risk! Look at that damn grâ€¦,negative
Oh this is such good news,positive
"Since the start of the COVID-19 outbreak,  has worked on public health measures to slow or stop the sprâ€¦",negative
Covid-19 vaccination is the greatest need of today to get protected from future loss.  volunteers are helâ€¦,negative
And that 'miscalculation' was amplified to become a barrage of lies about the safety of the vaccine ğŸ¤¬ğŸ™„,negative
"In a potential leap forward in the global fight against the pandemic, drugmaker Merck said Friday that its experimental pill forâ€¦",positive
"Reminder that 4 months ago Joe Biden canceled an independent investigation into COVID-19 origins with the Wuhan Lab, and sâ€¦",negative
Hundreds of hospital staffers fired or suspended for refusing COVID-19 vaccine mandate,negative
Fuck that. You pay into unemployment. Itâ€™s an entitlement. Itâ€™s what YOU ARE ENTITLED TO.,negative
Infographic COVID-19 Outbreak &amp; Cover-up,positive
ğŸ‘ˆğŸ¼ğŸ’¦,neutral
"16,220 Floridians reportedly died from COVID-19 since end of July which is 250 deaths a day.",negative
Covid-19 vaccination is the greatest need of today to get protected from future loss.  volunteers are helâ€¦,negative
"Woman who survived 1918 flu, world war succumbs to Covid-19",negative
"When professional basketball players are making more sense than elected leaders, health officials... Is this a sign of end times ğŸ˜¬",negative
ğŸ—ï¸ COVID-19 pandemic slowed down annual screenings,negative
ğŸ”¹ Read the article below,positive
COVID GA YA FELA BETSHOğŸ™ğŸ¿ğŸ™ğŸ¿ğŸ™ğŸ¿ğŸ™ğŸ¿,positive
"à¸à¸²à¸£à¸•à¹‰à¸­à¸‡à¸­à¸˜à¸´à¸šà¸²à¸¢à¸à¸±à¸šà¹€à¸à¸·à¹ˆà¸­à¸™à¸•à¹ˆà¸²à¸‡à¸›à¸£à¸°à¹€à¸—à¸¨à¸§à¹ˆà¸² The concept of buying your own better COVID-19 vaccine exists in Thailand, but there are noâ€¦",negative
"Portugal went from saturated Lisbon hospitals in January to reopening nightclubs this Friday, after almost completing itâ€¦",negative
ğŸ—ï¸ Breast cancer is 2nd most common cancer among ğŸ‡ºğŸ‡² women,positive
ğŸ‘€ğŸ‘‡,neutral
Alaska Airlines latest airline to mandate COVID-19 vaccines for its employees,negative
"New COVID-19 pills may keep recently diagnosed patients out of hospital, company says.",negative
This Saturday the Requiem of Light will honor the nearly three thousand St. Louisans who have died from COVID-19 in the Gâ€¦,negative
"FAUCI FAILS AGAIN Fauci predicted that college football games would be super-spreader events, but so far students have beâ€¦",negative
BREAKING CA will require our kids to get the COVID-19 vaccine to come to school.,negative
â†“,neutral
India State Of 241 MILLION People Declared COVID-Free After Government Promotes Ivermectin,negative
"India logs 24,354 new Covid-19 cases, 234 deaths   Coronavirus",negative
"NBA players Bradley Beal, Jonathan Isaac, and Draymond Green have voiced their opinions on mandating COVID-19 vaccines.â€¦",negative
TNT | NATIONAL | COVID-19 STATUS,positive
This will go into effect following fullâ€¦,positive
Heart inflammation rates higher after Moderna COVID-19 vaccine - Canada data,negative
"With flu season quickly approaching as cases of the COVID-19 delta variant continue to surge, many doctors fear it could setâ€¦",positive
Countries who contain COVID-19,positive
Canada stopped giving Moderna to men &lt;25 just *this week* due to the myocardâ€¦,negative
This is your reminder that pre-print studies are not peer-reviewed and not to take them as established fact.,positive
"NEW CASES 2,909",positive
18. Uâ€¦,positive
COVID-19 is Bioweapon Made by CCP Lab.  This is the CCP virus and the Chinese are also victims!,positive
The fans signing event will be holding until the situation with Covid-19 gâ€¦,positive
"Jamaica COVID-19 Updates for Sep 30, 2021 (posted Oct 1, 2021)",positive
"",""
"As Covid-19 seems to be on the wane in the rest of the country, the small hill state of Mizoram is not only reporting a dispâ€¦",negative
I WANT HOTDOGS!,negative
"We set up 25 monoclonal antibody sites across Florida, and weâ€™ve seen about a 70% reduction in COVID-19 hospitalizationâ€¦",negative
The Governor has directed adults be held to at least the same standards as students for the COVID-19 vaccineâ€¦all staff will be required to be vaccinated no later than when the requirement takes effect for students.,negative
ğŸ‘ˆğŸ¼ğŸ’¦,neutral
Delighted to see the current uptake of COVID-19 vaccines in Uganda currently. Go get vaccinated &amp; encourage everyone to take up the jab.,positive
spread donâ€™t rely on vaccines alone. Never did! Science isnâ€™t back leading in the WH. Greed &amp; GBD are still in the WH &amp; heinously targeting vulnerable populations &amp; unprotected children through schools for â€˜herd immunityâ€™.,negative
ğŸ˜‚,positive
Growth in 7D US Confirmed Covid Deaths by County For NY   2021-09-28  Covid visualizations give insight into covid-19 thanks to our data scientists and USAFacts covidvislualizations coviddata smcanalytics covid19 coronavirus covid_19,positive
A 12-year-old was mistakenly injected with an empty syringe at a COVID-19 vaccination center in KL.,negative
What were not gonna do is belittle scientists for making mistakes. That's pretty much their whole job,positive
"California will add the Covid-19 vaccination to immunizations required for in-person school attendance, Gov. Gavin Newsom announceâ€¦",negative
Covid-19 has just revealed it's calendar to prove it has been nowhere near Brett Kavanaugh in the last 2 months.,positive
"People who are vaccinated against Covid-19 are less likely to spread the virus even if they become infected, a new study findsâ€¦",negative
"Reminder that 4 months ago Joe Biden canceled an independent investigation into COVID-19 origins with the Wuhan Lab, and sâ€¦",negative
"Despite national COVID-19 metrics showing encouraging signs of decline, approximately 1,500 Americans are dying from the virus eveâ€¦",negative
Mark Zuckerberg Emerges From Under Man's Bed To Ask Him If He Would Like Some Information On COVID-19,positive
BREAKING U.S. Supreme Court Justice Sonia Sotomayor DENIES request from New York City teachers to block COVID-19 vaccâ€¦,negative
A whistleblower has provided government data,negative
ğŸ—ï¸ MDs adviseâ€¦,negative
NoLicenseForDisinformation,neutral
ğŸ”¹ Report ğŸ‘‡,positive
ğŸ—ï¸ COVID-19 pandemic slowed down annual screenings,negative
This will go into effect following fullâ€¦,positive
A Report on Myocarditis Adverse Events in the U.S. Vaccine Adverse Events Reporting System (VAERS) in Association with COVIâ€¦,negative
Start to see some bright side COVID19 pandemic,neutral
Thanks to Brett Kavanaugh COVID-19 now has a drinking problem.,neutral
"\"Do you believe Americans should lose their jobs if they object to taking the COVID-19 vaccine?\"",negative
tntthenortheasttoday Northeast Meghalaya Assam Tripura arunachalpradesh manipur Nagaland Mizoram Sikkim Shillong Imphal Kohima Itanagar Gangtok Guwahiti Dispur Dimapur agartala aizawl COVID19 Covid_19,negative
BREAKING CA will require our kids to get the COVID-19 vaccine to come to school.,negative
"documenting 48,465 deaths",negative
"* Local community cases 2,079",positive
The dark forces have exacerbated human deaths by vaccine mandates and ban on drugs like HCQ and Ivermectin.,negative
New Cases 332,negative
The teachers union folded,negative
"CMADocs strongly support Gov. Newsomâ€™s common-sense action to protect our students, teachers &amp; school staff. We are proud thaâ€¦",positive
Clovis parents are crying and throwing up rn.,negative
Ableg News ğŸ§µ,positive
Super simple poll.,positive
We will defeat this imposterğŸ’ª,positive
"At least 700,000 people have died from Covid-19 in the US, according to data from Johns Hopkins University",negative
Draymond gives his thoughts on Wigginsâ€™ COVID-19 vaccination status,negative
A pre-print study that overstated the risk of contracting myocarditis following COVID-19 vaccination was retracted due toâ€¦,negative
BREAKING Supreme Court Justice Brett Kavanaugh (5â€™9â€) has tested positive for Covid-19,negative
"Aaaah. The same Merck who said their original Ivermectin pill (on which the patent has lapsed, so it can be created genericalâ€¦",positive
"\"Merck Says Antiviral Pill for COVID-19 Is Effective, Plans to File for Emergency Authorization\"",negative
"",""
VICTORIANS today Chairman  announced tyranny on hundreds of thousands of Victorians to submit to a COVID-â€¦,positive
Can Governor Newsom produce the risk/benefit analysis used to justify this policy?,negative
"The thing I want to know regarding Brett Kavanaughâ€™s COVID-19 diagnosis is Who paid off his $92,000 country club fees plâ€¦",negative
Science denier! Covid is less of a risk to kids than the flu.,negative
"The thing I want to know regarding Brett Kavanaughâ€™s COVID-19 diagnosis is Who paid off his $92,000 country club fees plâ€¦",negative
"The festive season is upon us, and with that, the season of intensified illogical Covid-19 restrictions have begun",negative
"The Health Ministry has apologized for the mistake, saying it was due to human error.",negative
"Important to point out, I think, that we are just adding the COVID-19 vaccine to a list of OTHER mandatory vaccines.â€¦",positive
"We set up 25 monoclonal antibody sites across Florida, and weâ€™ve seen about a 70% reduction in COVID-19 hospitalizationâ€¦",negative
Infographic COVID-19 Outbreak &amp; Cover-up,positive
within 14 days of COVID-19 vaccination,negative
* Dormitory cases 818,positive
New Deaths 8,positive
ğŸ†˜ PLEASE,positive
DemVoice1 ONEV1 Z21â€¦,positive
COVID-19 IS REAL.,positive
