Vaccine passports for Hospitality has been in plaâ€¦,negative
Interstate travel ban set to be lifted soon as Covid-19 vaccination rates close to 90pc milestone,negative
Singapore hits highest daily number of Covid-19 cases since the start of the pandemic,negative
Veteran Liberal MP Russell Broadbent says he hasnâ€™t been vaccinated against COVID-19 and doesnâ€™t want to take any of the jabs câ€¦,negative
"People who are vaccinated against Covid-19 are less likely to spread the virus even if they become infected, a new study findsâ€¦",negative
"Hi John, the pre-departure Covid-19 PCR test must be taken within 48 hours of the scheduled departure date of the flight, departure time is not taken into consideration ( Thank you.",negative
Veteran Liberal MP Russell Broadbent says he hasnâ€™t been vaccinated against COVID-19 and doesnâ€™t want to take any of the jabs câ€¦,negative
COVID-19 is highly infectious and pregnant individuals are at a higher risk of getting very sick. Immunization is the best wâ€¦,negative
BREAKING California becomes first state to require COVID-19 vaccine for students,negative
BREAKING CA will require our kids to get the COVID-19 vaccine to come to school.,negative
found thâ€¦,positive
"No, i will not be getting a flu shot. My wife and I have already just gotten ours for this flu season ... and we will be getting our a  Covid-19 Pfizer booster jab later this month.",negative
"(1/3) Thereâ€™s much about the way China managed COVID-19 that I donâ€™t agree with, but they got this right theyâ€™re not learniâ€¦",negative
â€œ[T]he Covid-19 pandemic has posed enormous challengesâ€¦The biggest question before the entire world is how to restart? Theâ€¦,positive
Nearly 400 Palestinians diedâ€‹â€‹ from COVID-19 in the West Bank (excluding East Jerusalem) and Gaza during September as the occâ€¦,negative
"Shocking if true, just something else for MSM to brush under the carpetâ€¦",negative
ğŸŸ  Coles Express Big Merino South Goulburn,neutral
"\"So many of these deaths were preventible,\" says . \"It was inactionâ€¦",negative
"The U.S. death toll from COVID-19 has surpassed 700,000. It's a grim and frustrating milestone as the nation confronts a surge in iâ€¦",negative
South Australia records two new cases of COVID-19,negative
"Reminder that 4 months ago Joe Biden canceled an independent investigation into COVID-19 origins with the Wuhan Lab, and sâ€¦",negative
"As the 2022 Winter Olympics draw closer, one thing is clear China has not being transparent with its COVID-19 numbers.â€¦",negative
I'm tested negative for Covid-19 despite 4 of my workmates are positive. Double mask works! One thing I do I never eat atâ€¦,negative
California is the first state to announce that it will require all schoolchildren to get vaccinated against COVID-19 once the FDAâ€¦,negative
BREAKING  announces that CA is adding the COVID-19 vaccine to list of required school vaccinations.,negative
This is government overreach on an unpreâ€¦,negative
"We set up 25 monoclonal antibody sites across Florida, and weâ€™ve seen about a 70% reduction in COVID-19 hospitalizationâ€¦",negative
The AP did absolutely no scientific research of its own to refute decades of scientific evidence and robust findings fromâ€¦,negative
Let us keep safe my people,positive
...,positive
The invisible enemy is still ruthlessly hunting for human flesh,negative
This will go into effect following fullâ€¦,positive
Fact checkers said LMAO! Of course this is their stance .. thereâ€™s no $$ in nature immunity. Fuck off with this BS!,negative
"The U.S. death toll from COVID-19 has surpassed 700,000. It's a grim and frustrating milestone as the nation confronts a surge in iâ€¦",negative
ğŸš¨ğŸš¨ğŸš¨BREAKING NEWSğŸš¨ğŸš¨ğŸš¨,neutral
BREAKING â€“ Pfizer stand accused of experimentâ€¦,negative
Draymond gives his thoughts on Wigginsâ€™ COVID-19 vaccination status,negative
UP experts help in QC Covid-19Â response,negative
Vatican To Punish Employees Who Refuse To Comply With COVID-19 Certification | ZeroHedge,negative
"Case study Pilot implementation in Nigeria and Zambia, SBI COVID-19 data collection tool",positive
"FAUCI FAILS AGAIN Fauci predicted that college football games would be super-spreader events, but so far students have beâ€¦",negative
Cambodia's COVID-19 cases dip as over 83 pct of population vaccinated,negative
Studentâ€¦,positive
"She's didn't just pick an empty syringe that \"happens to be there\" yeah. She also didn't push the dose in after she injected thâ€¦",negative
"Since the start of the COVID-19 outbreak, Dera Sacha Sauda has worked on public health measures to slow or stop the spâ€¦",negative
"The U.S. death toll from COVID-19 has surpassed 700,000. It's a grim and frustrating milestone as the nation confronts a surge in iâ€¦",negative
"We set up 25 monoclonal antibody sites across Florida, and weâ€™ve seen about a 70% reduction in COVID-19 hospitalizationâ€¦",negative
ğŸš¨ğŸš¨ğŸš¨BREAKING NEWSğŸš¨ğŸš¨ğŸš¨,neutral
Strength and comfort to all thoseâ€¦,positive
"With the agenda to cover maximum people for Covid-19 vaccination &amp; boost their immunity, Dera Sacha Sauda volunteers areâ€¦",positive
"The U.S. death toll from COVID-19 has surpassed 700,000. It's a grim and frustrating milestone as the nation confronts a surge in iâ€¦",negative
My Saturdays are whole againâ¤ğŸ™ŒğŸ¥³,neutral
The 5% of nba players that arenâ€™t vaccinated are getting more publicity than the government running out of money thatâ€™s wildâ€¦,negative
Covid-19 vaccination is the greatest need of today to get protected from corona virus.  volunteers are heâ€¦,neutral
"The United States reached its latest heartbreaking pandemic milestone Friday, eclipsing 700,000 deaths from COVID-19 just as the sâ€¦",negative
"Zambia's 2021 Q2 GDP show that the economy grew by 8.1% compared to -5.1% in Q2 of 2020 (ZamStats). Arts, entertainment &amp; recrâ€¦",positive
"At least 700,000 people have died from Covid-19 in the US, according to data from Johns Hopkins University",negative
Covid-19 vaccination is the greatest need of today to get protected from future loss.  volunteers are helâ€¦,negative
A pediatric cardiologist on thhe relative risk equation re myocarditis as a complication of the mRNA vaccines and the caâ€¦,negative
"To celebrate the significant milestone of administering 100 crore COVID-19 vaccine doses, we are inviting citizens to desigâ€¦",positive
BREAKING California will require students to be vaccinated against Covid-19 to attend school in person. ğŸ’‰,negative
"\"peer review...\"",negative
FartCheckers and the CDC refuse to learn from actual case studies from Israel and instead parrot what their Pharmaceutical mâ€¦,negative
There are 13 million rapid tests sitting in Ontario warehouses that could instead be used to prevent the spread of COVID-19â€¦,negative
Conceptualising student evaluations An ethnographic analysis of COVID-19,positive
What a bloody mess. You know what would have prevented this? Not locking up refugees.,negative
What happens when the world's most popular COVID-19 dashboard can't get data?,negative
"Reminder that 4 months ago Joe Biden canceled an independent investigation into COVID-19 origins with the Wuhan Lab, and sâ€¦",negative
What a bloody mess. You know what would have prevented this? Not locking up refugees.,negative
President Cyril Ramaphosa talks about why men are slower to get COVID-19 vaccines ğŸ¤£ğŸƒâ€â™€ï¸. CyrilRamaphosa Khanyi Zuma Oraniâ€¦,positive
"CNN OnÂ Friday, the United States passedÂ 700,000 deaths from Covid-19,Â 108 days after it reached 600,000 Covid-19 deaths.",negative
Exactly,positive
In pandemic time of Covid-19 volunteers of DSS serving nation by arrange FreeCovidVaccination camp with the pious guiâ€¦,positive
"77% of COVID-19 vaccines have gone to people in wealthy countries, with just 1% going to low-income countries. via",negative
Iâ€™ll take Covid-19 vaccine for work of gospel â€“ Adeboye,positive
ğŸ”— Official,positive
"By Sam EyobokaTHE General Overseer of the Redeemed Christian Church of God (RCCG), Pastor Enoch Adejare Adeboye, has advised members of...",positive
ğŸ‡¬ğŸ‡§ Pfizer stand accused of experimenting on orphan babies to test their Covid-19 ğŸ’‰,negative
"",""
7 Day Covid Growth in Deaths per 1K Population by County For ME   2021-09-28  Covid visualizations give insight into covid-19 thanks to our data scientists and USAFacts covidvislualizations coviddata smcanalytics covid19 coronavirus covid_19,positive
Deaths among Teenagers have increased by 47% in the UK since they started getting the Covid-19 Vaccine according to offâ€¦,negative
The AP did absolutely no scientific research of its own to refute decades of scientific evidence and robust findings fromâ€¦,negative
â€œThe flu is much worse than COVID-19 for kids. Iâ€™m concerned about what we are going to see in the next few months withâ€¦,negative
"CNN OnÂ Friday, the United States passedÂ 700,000 deaths from Covid-19,Â 108 days after it reached 600,000 Covid-19 deaths.",negative
"We set up 25 monoclonal antibody sites across Florida, and weâ€™ve seen about a 70% reduction in COVID-19 hospitalizationâ€¦",negative
COVID-19 Near Me updated with latest info from  (2 Oct 430pm),positive
ğŸ”— View &amp; track,positive
ğŸ‡¬ğŸ‡§ Pfizer stand accused of experimenting on orphan babies to test their Covid-19 ğŸ’‰,negative
Dove Blog Nig ...,positive
COVID-19 restrictions are a reminder that Charter rights have limits,negative
"",""
"I canâ€™t imagine how an unvaccinated nurse or other healthcare worker would want to care for or come into contact with seriously ill, contagious COVID-19 patients in one of Californiaâ€™s rural, red counties. Good luck.",negative
1. All the data suggests that our kids are safe from this virus and donâ€™t need to be vaccinated.  2. Our vaccine scheduâ€¦,positive
Georgia cop who pushed people to take horse dewormer instead of vaccine dies from COVID-19,negative
Inside the upside-down world where Covid-19 vaccines are dangerous and ivermectin is saving lives,positive
Today is another day Taiwan's largest opposition party KMT staged boycott in the parliament over government's handling ofâ€¦,negative
"Another 714 COVID-19 cases in B.C. Friday, 11 more deaths â€“ Agassiz HarrisonÂ Observer",negative
"As you know Covid-19 has a large impact in the crypto Market, So How can your company maintain its project and also the team that are working hard during this pandemic?",neutral
"Kidney damage is painless and silent, and itâ€™s the latest ailment to be identified afflicting a large swath of Covid-19 surviâ€¦",negative
South Australia records two new cases of COVID-19,negative
Covid-19 vaccination is the greatest need of today to get protected from future loss.  volunteers are helâ€¦,negative
"The US has surpassed 700,000 Covid-19 deaths.",negative
Allegations that Pâ€¦,positive
"This is all such a scam. We could repurpose ivermectin for so cheap. None of this is about public health, itâ€™s about câ€¦",negative
Harvard Business School Shuts Down After Massive Covid-19 Outbreak Despite Almost All Students Being Fully Vaccinated â€“ The Expose,negative
Gastrointestinal complications ofÂ COVID-19,negative
RCSI researchers Dr Helen Fogarty and collegues add to the global understanding of COVID-19,positive
â• 20 new locations,positive
(1/5),positive
"The US has surpassed 700,000 Covid-19 deaths.",negative
Allegations that Pâ€¦,positive
Answer to What is your reaction to hear that 3 conservative radio talk show hosts who opined against wearing masks and expressed skepticism of the effectiveness of COVID vaccines died of COVID-19 in the past 3 or 4 weeks? by Richard Smedley,negative
Newsom has just mandated COVID-19 vaccinations for all children in K-12 schools.,negative
ğŸŸ  Metro Petroleum Figtree,negative
